{
 "AU12ZEgGTzXj2gZzKebKju4npbFui3pAWW58DtFRQGTEUQA4ggBmS": 22,
 "AU12JCyTrhcUJu71GWXMrwHK1TNKQcxpzTykjqLD1StxbgKqGPAGe": 30,
 "AU12J3F1jZNyu8mEnPM73a6JNuUVgGwooaFe1AADENM1A1A63D45r": 64,
 "AU1KTvsc6cy3ETvEsuZ832ACRRxzX3DWVq5GUFVF8jUMC6WfxJAr": 42,
 "AU1X685mXWcj2tgn11Eak1wpWrBs9poEjwkkkGXV9rTGBkVRVqKN": 46,
 "AU1X7a8do2NpsquPgnedByMf2F8SZkVjwFZTj5rMBnoq7FngwCxr": 49,
 "AU1yJ8jMxw4KJR32R2AeR9iRCkyJ6RiHtq2iGrJTRDjwnFLu8GZ6": 64,
 "AU1ZWAVkopnPev9PgUouj7n3AtdXM8H1QX619XFD5oSkuEZdbSZA": 62,
 "AU12HPNpWMajDdXEnnnkfGjUxcZU4YfkoVHjo1TAGyDePfTxCDX3z": 56,
 "AU1Dpc9hdt4EkbMTq2FSKwfYURNqNY8wus4BZQ4eyShPEePLZKPD": 57,
 "AU12UMiuvCHC3pbbzdTr1oyKthzXLuaMEBkuZg54Zq8Zs96ArLXKp": 27,
 "AU19Ekht69A2x9Y755cztcGXV1Yu2Ma9JFkagj1jZgHv32z2xSse": 24,
 "AU1YvqJStwV6726M49jxpf7Fr1gp2Stkrr6eoh5ioEN7jhThZyJV": 58,
 "AU12XWww7S55ge37J3iweENt5qAC2vsUx7SK5fnnTpRo22bEV9GRa": 39,
 "AU1Z7r6W9oRqi64dyoJe4SoqgNqEuMGCUdnhmjDd7ewM7xNEFXpD": 15,
 "AU127gX1rGeAJeytfMowGdk8fNqnRVCSurXv7NHh6RHFqYs7ijbpB": 63,
 "AU12Q5yQ4EN46ZX6JwYJsUveCx8H3szGNY6K4V1DbTbtL6msVwck": 20,
 "AU165rW5K7BwnZKu1ATQLh7NVzhyZkZgB4rmA6JyskGVXWWKboyW": 57,
 "AU18imsRes8SGw9TGcqeJRCqBHXoS5D3S3SAQtgdufh7emCqdwgU": 58,
 "AU12XcExKxcdwnVL5JKCPAdj1zNVq4qzf1qSe4wXYfM1A88a6wrPE": 50,
 "AU12VVPmRideeNQbE9ZKFybJYyS9HxeAiLEqdoaTBymNjnGapP4dk": 61,
 "AU1wjoVyLRvVJ5GGb1eQEBb43FbuwViVUdVFwBc8zXQSDcNKRLU4": 52,
 "AU12p9NduxzZKHK8TuNepUZKc6gwSzuT6msa9NcdGNCbSPSqE4Rcc": 59,
 "AU1GcuDZMhuPFDcG9eEErDa64QhPwUhSDh6yVdXGf4U74xZi588R": 38,
 "AU12GyR8RtFuekUdyDpwVBuC8WUw1tGEuxA2TJvM4Gq7s9xg5uh82": 38,
 "AU12Tw3UrvdEqk2QYnxCq9ioFGe8rxZR2PJscYCrytojLWSjKhf83": 48,
 "AU129mr1cGcWhVqsJEs9CH8mVvCbF68847VeNVPC5Q9yHV33Qgf3c": 19,
 "AU1EMa5hq9x5UsX44y6ECvkJXWWdQyitxtkSbMck6L4A8AG9QXLL": 53,
 "AU1HbNskETZSvhsyPFfP1Lqo6uKNjdt2fnS8eUhyx3N71xLsXd1o": 18,
 "AU1uLW9my5yt1K2eMZzUqDkcjbqA8CrxXpwE5recT1bWVDDsLYqj": 38,
 "AU12HMLEL1NrxsmyeWsptDKYUHbjM96C6pPpJXBQKsFTPwxRdxBvD": 27,
 "AU12BeiiJEUY5kdu3SKzTnAP1cMtZcgadpirfiwibZ9YkZFZQWD9k": 34,
 "AU133hPRipqcmXmJPr7g489Q5r1RBrTtTQcaSaWKtanWgsJF3Eqv": 64,
 "AU1m1eypzykqLjeNDJDtTSZd41TLLzypUZaXbMHdU6rsvLzWG9jC": 19,
 "AU12GhvLmZNrS6Rai3YDqRQ5c9F13xFuYYCaHCru4CgRZmE5vWHHb": 15,
 "AU12GdUqxTWkSGr93hWPtptGs3xMZtJP5VVY8bPYuj6hGNbrgyVQG": 32,
 "AU12HqXdupRUjCK5ZcDwQgBBVeuvFhuZVMBBvXkzfVN1vgZvRQfqS": 37,
 "AU12FUMbpkKL5JTeCsCsvXywQ1hd8ueqx7dRKJMzG27Da4wyAKyak": 57,
 "AU12eyZV6iN6FnCmmcQ9vRa5t5k586kWbA4VQyxoyyPnXgtT9bgRE": 49,
 "AU1g3CvE7ah5WDShQRYdwVNqD5QZrmA2LY8ttbraahBZmg7PiYUZ": 52,
 "AU12U1GZ1XvmmbLaJf5aaqD5Xt6ivhvStyur9n1EHKeuvWdkB4CwZ": 73,
 "AU12eTeaCLANBVp1X9rU3HXXNFfXmeRX2rpxR3hNsmq8cZ19BmF8U": 54,
 "AU12u1VGMTR4GNLe6AWFkqbsBLNSKc9Y3Kkwkf39vi9PnCT8N5mLN": 30,
 "AU12M3bAjCQWyBze2jDvnGPTx3JgSSy6uj3xZoxEHmE1a5tGzfbBD": 48,
 "AU12o8BHe2ZfXcmFZqNb3SYAaqnHDMnjYUS7cWsiiKWqBMeY9cyhR": 14,
 "AU12e7vC9bD7gGnEiT6pLikL6TX3UEibt2vHxVq6xXyhMqH8m52vw": 26,
 "AU1b3R3gF92WmueCCHNRqwPXBRWBTQxSaKS45YqyPru1HssXY8zv": 27,
 "AU1aVjgHgbPDmh3qnhSW8WuydoFAGybknfnmp9JmHNxaAnPEVRVz": 41,
 "AU1TJxiXvsxsAKh5AhzpMdyhkS5ZN87WxnXrgYQnbGH1sCZVt9GG": 52,
 "AU1emqPXsVf41WesnZ9fT8ePQhjfV8nmm2HGoi12D1zrHnwHASLb": 26,
 "AU1AgC95pQDv2z3n1HCTKuAnRapCx7myiyZDfXoihhuSosCpmpDs": 27,
 "AU12ASfHggXZh9kMY5DMfR2mGH3eWzqtCeNzjyUrWtBvpBPk7Qn7B": 39,
 "AU12Q3Ys2BcqNgX3vneLDeawBZ9oZbxhXCfDufvF2spE2JtUYSNq5": 36,
 "AU1dHw4UQY2VWdvexLYchPSVPLG7eEgkQ6H83YMB1Lr8R2UamZxd": 55,
 "AU1zHUkbmp19aB77d2gtdg1od95Vcbwwjkywmt88jHek8k7B6pVo": 48,
 "AU129htAiHhEnAUA4i6gAhJngLsJfEzU1vM1c7QPh764Dqci7FzTD": 59,
 "AU1218tSZZS4BRQKihZkXS6Fo5Kx9tH7r1SEmr99kZS9EDkZCc6eP": 31,
 "AU12dTzN2j2Uko44mbxn4ZigfQubb5NUut14FKRZ7cGjXd1RUSWKu": 14,
 "AU1LokY9mkhgWkxpsayaZzf61Rc21wN4ZXfL8je9cU7zbygFGDjy": 15,
 "AU1WnENubDxHtypZff1rRE21nugSQyaVxpUy8EcLePqYE3vCB9Lu": 66,
 "AU127X5K5g6H8Ro85b6FnbmcAPaGguhwp51UX8ec7dDUDbGKYFpzk": 21,
 "AU1YHBVyC3pNVh8sNeL2nWkWtFP8bgsT8swbSTTaf43NyRsPDoDX": 18,
 "AU1xmhN3kYXPGwwbx9YxbcBMLAyaGs2zq2ieq7XQ6cAGSmQ5ufsH": 34,
 "AU12kUsHrmAysqrK5NqKKB5nR3kGmqtDXsZ2t75xBigiFimCD9kCX": 50,
 "AU1mX9q5yjS5ndmGQ3X8FUouk3muuqpmbqzhSrrY44WnaH7pTJ5b": 56,
 "AU12rQS5XLTcpQBBfm4SbKaw6HtM2WuAnqDePE2vv82vNeRTiSjTU": 37,
 "AU1FGiCW5Rogi6B2wi4m1UsFqChMHzXzh3t9L8Dix2ye6ecHKHBx": 50,
 "AU126CA4RnQHXweZLMVkz43AgQWuLfbKraCP5jT5DP2VgaeMkSCfN": 14,
 "AU1bhRXokMW9qo1y9PXEhBwWWsHbPGj9N6yxHmeqLvPFfsDkgnTD": 17,
 "AU1hK4nTpwzb9qKSZsLbEaWmERtptPESFWeQTnH5rSKGiLiPuvNy": 20,
 "AU1gGjYsaGsF6SmRXhws1LS1Y2UcUfzjotKg7wvWqrr9N8WKiXwL": 45,
 "AU12HMRMWkW9yntwnRJnbuv1mMT4MfZP9eX32TMosvvireutwaZw4": 15,
 "AU14AwfFqGscUjz6mvjZCC2gv9Q4nKHX4DJUN9ZSmGkti8FCGxkb": 43,
 "AU12g5Gu1sHnZMb5CViZDnS3miBjZu8Nn7Wvk5cmFcg27h6LFjsQh": 13,
 "AU123YK4EUPwgUSN2rDwdtsBzAM6WjA6EmDUM4tZyKRkmhSbxZU2v": 16,
 "AU1c9bUB5eNNvFygjCZ2FRy2HXdK6iCNCdFKDcx7YjY4v2qC7zHq": 29,
 "AU19sSch67RNvgEhoobUGg5ro2D3J9WbAL4taYGLmD7trRVSGSi2": 18,
 "AU12quL5C5KRmMSUWSeS7ARq8w4VsveVa7NqXfFB9uwPZrU6Lt17z": 32,
 "AU1bQ7LSPmK63rpXJiosXjSUN1WZRZD8PDBUTTwNpG5FSKiQSPj7": 41,
 "AU18J9xuN1PMox97GGtiab5j5HP2N7W65vpSMYos8Wq7i5ZFcS7z": 32,
 "AU12CE7sBWMFA9JR2mzGkifAfo6GTwKMW5MsWnZ9zdZLy4FnEKL88": 61,
 "AU12fY2CTrixv9KEQ3Eaq7CtHiaYyHTfUcEy5XqpdfxduM7F3KnBm": 67,
 "AU122myG5GoJ1fu6VRnUgUhXU8k5kG6ToDrCRmZPimQRddUz6sNKX": 34,
 "AU1EpLY3cTvWrXBojzLdkWzcqKnwhoJrRsBBnVe2v8e8b2KK4LFP": 16,
 "AU12dEXyCuaMJ4LmrZn1JENt2tWAusL4TVZPsmqn59WRyniKXqKR2": 19,
 "AU12BagpqiR2Knv6oc8fjStZP57TmKchw6eGxr53NztfgVTgqSPrC": 14,
 "AU1iL4LjQUbNesxQrky3TcKUsuq4HBNT9STJbYXBuLYjujNT1pNu": 66,
 "AU1U4kvxpxpEAsZEwrEXM9qpZQPZBfKQgqnqVtE3T2e51pPPAWsa": 69,
 "AU12FPYv9Q3Ttvh5esVrE8LiW8onpMRawHQmtrBRiSyZPuuyDndd3": 15,
 "AU12qCehbPqjGbAbUCxW16NnxTGtWsWjBPdGLKM4c6wtbkcBuJ46W": 17,
 "AU1WpC8Vqw7XXJEDtjGu4XrZrNDirfjotrJ8gzFirRvAvu8YfiHM": 29,
 "AU12fpdDUp8fvpCZxybakPRZPi47g8pD6Y1YXrodWhDHngXK5yqTE": 15,
 "AU12vxrbD4YAvuLhgk5fq7ovhkCk63SqvAvxjwqZtrFDzbzssBRA6": 48,
 "AU12SasNRLPZuwowvPjwWaWTXx3xuwDXysRx7KFUwDJKRr9z1yShw": 63,
 "AU12KmkUoECSkzWJuxtpkJ8mcmE56waBGMJrZ3CtjtYmJc3pem7w2": 53,
 "AU12vFS7hupRWdizuHnT3n8ZxtUJz9AdUcWa4zi1uJPn7p6qHDsMc": 15,
 "AU1XStVDcseVnUV7YzJa9rSAkHPyWqGPb8udLS9Fesm32LfCw9r": 13,
 "AU12H7oeGQ2ggM6FD468W44NT6BtYtLKT8LaL3fiMwmVLVkGZEza4": 35,
 "AU14ejTWvWtuP6SrYCLxWVxdQD64DpYoa9yJVNr49q7JHVZD3Q47": 33,
 "AU12vwJMv5qDfhD5PoLvz76uRUDLgSsGkV8j4cgT77uYFheDFwNXT": 70,
 "AU1fWGg39wbTwikSAdSV54BpFTTuDiS9sHcTRyuS9AFpn1ji7XAA": 13,
 "AU1bvkRyqp29K4xwm1dSPbJZc6MTXirN1TgufondKxKeLLsK6kyu": 14,
 "AU12SMv7CxAWe4YJ75ne9y8x5dvx8emr31eGJSRM7SquprCzKHfSk": 44,
 "AU12A99YnRvUHkGrVufdP7j9Xc8cpWtoigh7omp7HUrXYsDLU6URf": 15,
 "AU12UDpSaKSNdVxTce66USUSbTko7UyfTLY9xtYfnu44QXHA1GCri": 77,
 "AU12eACxiDsTuUWc3QRTkzGcRoS8jPXCic93wAXDEXPLaedScs85y": 16,
 "AU1sGQEZeZ6rcmkMRVjnQb6SQEnEQAhDbWjCaZCGUWnEbnJqppN9": 23,
 "AU1pTFfqR5TZpurEsDraZ4ERKtrH7LbJPTDmd7qWCmwrGbJ4SxA4": 12,
 "AU12jYKY4GLLMFFD6BdQw6t6jfbz4DvNUn1XRx22ofWXYc5DXK1MW": 16,
 "AU1ox9pgb2ZpigMwJKvPW1N5qP5P83anBfhLc6S9Q7j5YuU4J9qn": 67,
 "AU12UXmsUW5puPJ58LDhRe6jTSg1hQ5NVdRKrdzWm6MjTETnmoiiQ": 70,
 "AU123YmtGtLNH6frxfMNjGXS1EnbNo4iVNiPh8VsSFp9xnjNbBeVK": 21,
 "AU17F1sRXraaywg874RDUArveAJhAReXCVVDKQCRzwRdhKE3UhgM": 71,
 "AU12bSJ1pwBM9AiteH2xDyhwEYGbR982ZivJufUP1KdnTyKRUD28F": 30,
 "AU12FvW6bdSeB4tgsD9kdwKfmxw3Zap4TEzpKDdfWDeCBSwKzrai": 27,
 "AU1Uegp9Y9oDWDU5Y1huauxeX6sGGrwAdDsaUs7rZz4LoB31e4Mm": 56,
 "AU12VAcwiG75YuYufBKP2j5nwLcUwNpRTbzWwUtoTRSWCgfLsvWxY": 29,
 "AU1tsZUs8BsfRmkJyhykY9th3Jmjay2RChwScwApmmYchKFqD4HG": 48,
 "AU1k1YV1Xk4So3hYNCxbU9QTpLnvN5yvUDRLBhn5ZQurb4aoveeD": 15,
 "AU1uTLFEeYj9f1UvhkBSDt41jTw6cpotyMfohYDnQeSJ2EfuKyLN": 23,
 "AU1JfuuZ3sNZjxXqz2WUdDyZ9tj42mDSoiaLwHNpms7cAeDX2Mzy": 47,
 "AU1anRJZwyzKRsuUWBmJ4i6c2fS3J5hnE8EVy4VzV9bzJvREptqt": 45,
 "AU12GXmbKVfWqQcaPuJEhU3dVfDGLB8ioeHJQJKU6QTQYKSFGAjGa": 51,
 "AU12iQ96a97tBzawQ8XHmiRBdVKrGd9oKfEqXoM8wRLHLdUCXherk": 48,
 "AU17L1kwwZKNKy9bHwHHycbLTMEag3WhSzpgm8K7F28yvk5YtoG3": 19,
 "AU1JCdmH8eZmZ1EipkfLmVhuBqu8uKJbpXNMJPJDKQR2Ck6GNb85": 64,
 "AU1YH1EUCSppsXZ48kqbXmG4Pt1KbXSismUtsa1Nr8uZb1F5rwnt": 16,
 "AU1stfQvWc1khSc1BNFEkZW1nunLmy5bjVnRxqsBgV3ETyrwX4Ay": 18,
 "AU12P64gFHpKadf7ptcAkt5yd5ekb4XXunLqZNUsRwZpCyD44yFNy": 59,
 "AU1za8D8ijCsNC9sfDq9ZZjqgf2XxNCGNduRT5repWUE5QewFVqt": 58,
 "AU122pnJZ96dsfxodsiFJwaRXPQk2xLd9erhcMyxgq7hcy4teUVKB": 13,
 "AU1nbRg8BxJTNPkmr8pGTHmJq9FuFDEjzyUKwjDqN8SSfBaoaeUb": 46,
 "AU12qUxNjsu7QKzK7V6G9KFZuTp5mdu5SvMT6bapPHFi2D9njsN1N": 15,
 "AU1foeaFrmRJTbUhTmrnuQdyTgNbhw748zim8ed1T3MXjfYZZNYz": 70,
 "AU12qhcR9TYbfAe5wrUHg3b9Reqk4VLMvHPBtoLUkVgPpf7szoFB4": 25,
 "AU12s722RAfv7e7DMoDLdjvjGGd5yZYMJnh8sAuaDsMHxEQfzyJ55": 14,
 "AU12JJ1Ae93zkbuaLN3kk7bCsHrsHQMuTj8BwqRpdDUJPefmTuD76": 44,
 "AU1FLtVqcD5xHG6Y38xFrg5Zj9YMkzF5pjZ87e6CK8xZct6E1JUC": 45,
 "AU12EX1L3ti8o6F6qXRPdPhxkwdmjW4dSiqJYJRM9UuTwnN5c1nzV": 30,
 "AU12EwjNp8yDeWW2htaPVTBjsYuJMWh4Vd14drpdvKho3dxpHtuge": 61,
 "AU1jAZ5FTRwwthzbPqeB8Qht4Vb7HMi8w3GQvb8aRvFWrtH2BPUa": 52,
 "AU12hbaPcud9mYmYVbgHbi5BtyrCtZTqJgTouTe17sErouDi7P6R": 35,
 "AU12FQ5ADRpVUVyYxbtV6iHxuGJHNXLBT8xqyQf3NikCAoUsp1Ddi": 29,
 "AU1sJgYN1Fk93Muug7TwvPvxZrV3wfpYj3F9FWDaVyzFmUiXozBW": 75,
 "AU12ueqtsYA4Hz11PYjFcWnbC28j79qwFnN7Ye61vS6MNFXY7tnAa": 16,
 "AU1nT8bn3WSYLctHghrE43GzbuRi97pPFpNWs3fvFjkD9vSnB8dH": 73,
 "AU122BfG3QgrCFcihMAMz8HRJ5hMY5LvMBLe4sgj3PudcTu9JgEB7": 18,
 "AU12DhYt2WmT5B51oKAHDsRCZKgssJDAVtDmfpLfwJw7uYyzVWF7Y": 69,
 "AU1a2SPB2RNtpHhVS1vPHY3TP22DpEaRq4mUdi6gzUFMdQCJ8p2": 24,
 "AU12PRnozYivocB3Xr2i57RbsRYU3zui9TGbs8LNABA6vU4ic7Vq9": 74,
 "AU1wZj2tpjvPRZhM1EumDMRke5DfWbzi3htDQdUmaB6CQ9bThNBU": 40,
 "AU1zko3JJBYuqUUTKxVr7xrNUMVkpCB3rwwxUmKMAM78VThZyWHz": 46,
 "AU1auDAn1SidMjcqBWpT2agHtdEiuYM5yyKzdba4jkAk2yjQtQWD": 68,
 "AU1iiF5qfNUH2CS73MtcC4VGev2YQcK6YESBWJ76oVTSyqgBpCKx": 58,
 "AU12nXnQ3uHBKTy7hdgGbjF5AsEVQUtz2cvXPm2XY9noynaCXa9jp": 58,
 "AU16LGt44ESCDxwyLccDTTG8NcNFozACH3dhfKhv6rqdEBqW3uvn": 55,
 "AU1279HeGxuQjhX1WXR4czEJkASXUscEHX6ZHRremMz8umMXZEFdV": 40,
 "AU1gu1HcvRcZdfeBeKFnEnRQNJNXnByipY9YBJ1NBWHBrVFSTX2x": 74,
 "AU1fWGoRsEqkPKAFRqYvVHFJAJbEAGnsdoejyAHwRQkyW2qk6faj": 57,
 "AU1216o2yxPq5THLebDRfUQojrZsbqNjFr3SNP6gKq4P56hyVwiG6": 63,
 "AU1Bd9ey4zuAPpoSFYN7cMV5QQuJkcr8LNEW7qub97jKupGSV5Ys": 71,
 "AU123Lo4sae1vxcddUbuJbAQ9FexCZX2bQmUjiwhjPs1QSNFWuDge": 43,
 "AU12bB8U32x4X5Hze3bRUdb6DfNqFfTeDd9ukwq7cmnraHYPo622G": 15,
 "AU1PShTTK62ko8TRqoip8bJy5Sk77X7k1chgv699nVWLibZeUNpu": 24,
 "AU12db4kmTV68RA3FZciCZeT8Vf9uBq7wmyTakbfZ6FHiDKQSQRNN": 25,
 "AU1VWdHqyTeuWZ1aGrKBzFueJPtYiJ19NiegsdS3PJ9dabNg5gLz": 50,
 "AU12FHBxQDrdNShKn4eB83UCusE69AQevSibHyusR6p8Qe5ga3Wug": 14,
 "AU13zpZzNRjgJVZc4W7aPekAfNiuot8kJKWBnvyYYHbZyLsLyLo4": 42,
 "AU1cusNiFqZqVEeE2fHgKMKsH6xjyjDQ8WkQv9vEqj1BHRqtMBSD": 45,
 "AU13gLc8NA9zBMiddy2oj8fWtnDTSG6WBmVpJCR72ueAE68eH98x": 55,
 "AU12kqGj82jxcvnK7XNGzGbCFEpeug66DvpYSWuLY8HVW7mdaQ2WV": 49,
 "AU12MxzWTaqXJ4qdNgRALfRi5RqxL4oaUQMe4zBvpF94DEoX1CiMU": 45,
 "AU12LdfTbaxMhU4PD73FgZvpKHVthxri9c84iNKU2EKEUPh6QromH": 48,
 "AU1AFpmcp18ZtvZp3FLYtDbmNXq37iRoCzonCkfponHKDTux6KxL": 45,
 "AU1TqHACaamPw6xqZK1VuyXExmhwa7vrDjcMKqZrRQyoYhLYt79o": 65,
 "AU1267oCLQKbS9eDQJV4LuSWEKP1c8kWstATHFwKmZFMBCtwfuBes": 44,
 "AU12Kq5j2teV8iJRCTiAGdgVzJwHoJXo9jh6RQhyTtfC5nDT4AHKn": 48,
 "AU1211b6ndxB7DNerW6MaHyXNTY2S3ghgvW7KjyACo5ZL5aFA7qzx": 57,
 "AU12cRPgpPdCokgJ6mr8B88TpQ4V3Tyk1t82aCxxoVk1i7RtHa5kp": 65,
 "AU1G2dk9TDghub7ty1gJagft27VKVQXtVSb9oaEjMnYQ81ZNJQHW": 41,
 "AU1rrv2pCgU1KFGyEau4r9oe1patZJ6PqJSg1vvC8mrAy6YkCg91": 36,
 "AU12iCvoDLVaEuCaRCHZGNHmPGyWqFxJ4WL16gXVMCJNYPctEEPn": 38,
 "AU18nVRUMzaSNYDiQfvWfaFpXwnNR9U6pXk6qt7fEPrc9BxRj9Wb": 46,
 "AU12CcFYWGeszuWCku78vUjEbamAdv5EHMKQrvi69NhAyWwRWGJ6n": 53,
 "AU1tha3jkjYwjhw2WnJQVaexEKQx7PegPWnM3uza5yVpyr8NoGdb": 58,
 "AU15qBGyQUd5zviGyvMsdF5i3EcM5YgxBpdpdupYJW1AfPpH73R5": 71,
 "AU124XTwRWDvsY1YamHjHxYi5UDnMERFvbaScmbU81k1TfS5HcBvj": 14,
 "AU12GAJZYb874w8UfHgiWViNjhbVNWtwrs2gE3p55DSNFJmRSf3Fn": 13,
 "AU1GKXWQQeX74EWJu9npVd4J7gmK1jUZXXw2YkAnGuzGWjPN7SKA": 14,
 "AU1YsByuAGXrzVhQ3dNB1w6FDkYGkxweS69ZxgrerPVLeMNRgEKu": 13,
 "AU1xWwkwB5HDZusg9GgBQHpmUkH6Gwd3YsRTUq4TMQha3ENYdKnM": 13,
 "AU17KRsMHcY2Mce7PWyYWhjJxDyAE3tp6oMqwMCWaqxePBNaHLAt": 15,
 "AU1Qtzs3thZWbPoeuYB7r4ZFZG1seA7aogEqXEbWnK6MYHyC5XiJ": 13,
 "AU127XNf3GGm1WkiPz46DNb77CRNKmtJBXvpTeuPoUAUcZF9bdFkE": 15,
 "AU176P8WZbFJXLBU5YaWLF7csKyFtVLqWpoEAGMowx4hY5XSpxe5": 14,
 "AU1Lt2J657WL9G7pEfxTGSN11xGaKdSEq7j7HAYbfrA2TLz9fFUA": 13,
 "AU12rGLLGPGsXQXrTuCC7HdGEUgk4YJ7MYdHArsN2fEqBkB6BFLDa": 71,
 "AU1R2PX57Pys7m8yveqsdmQcqfB5hapGuDr68UiLF32gyCayhB9V": 45,
 "AU12v1dbNVPbuGfU6kn3K3RXptfF4kZ7ExqLnpAjddAXX8Qwq5YQa": 20,
 "AU1ioQCicV7v9Jausq1SNACSztz2aFRSYyNE12HZTpqQbkoFTh5i": 12,
 "AU1X7CTkc4EooqftcAwtT32CnxBpkDmn6tufN7NyJ5Avj9hvECJW": 24,
 "AU1MADGFKHHsWMP4eJ6UT9HZc9KYtpun9ZiUMWidHXfrf9jqHNAw": 12,
 "AU12twYhhceAcKoqEyTsuwYnAKXWD1CRBDBemmGBvFkC5SXATZXic": 20,
 "AU12NysMBrWUnfsouPdLAwhPsUP1egLQ9XPXXdn7XYVMK2SdGZES3": 75,
 "AU12EnYkjtgEt1nog23fXTeLiDUrcgH6MY8m2DyVu8UvTJnxPWQGm": 63,
 "AU12WzsUsRSQdZrHfE1m1EmFAfp8ghRxWwz56AQdLvKCS8ubPgea4": 35,
 "AU1pwQRyzYd8f3mSnWo66SrAcasTTMTQTW1WNj6Kn3t3pYCp8XY6": 40,
 "AU12bXjshQivDyd99TgwLxa3396jkDVEuRwHSUKMZGYb35UNN4woY": 24,
 "AU12wYCLHcarHdm88fk8tzzTud1ejUbrxNcJk2kHF7yzrwA8VnGwc": 31,
 "AU1rAMYkmosmijpBNap7CwMEVBRCyTcNFdxX1QnaP4B64qp51tgW": 25,
 "AU12f64qph12aAjizWKLHsqD2BVw6QzeX8mgjKe4wyYJDd7sBF3v9": 36,
 "AU1dpvUpSDQxWU5kLyGF7NmgpaZsWDREkhqA8adyfKaoM3sBTocS": 47,
 "AU1iAaLZsPCBekUYC9toDDGQMAbZ8H69hevbUAUM6YpmvPPBrH7o": 63,
 "AU1xAusfDBmWttrr1Mqo2aYzAZk5tkMQUjYw6adzPwYHVxx24paV": 46,
 "AU1yxqwWLkxk1W4ek4JB8vNCxsWDTburonkPqx64wgSzis46975Q": 57,
 "AU1iBSF5TVW8eMAF3gSnNDQPvz4Ynbt7bwUADAFTtx1HzR28QSMm": 31,
 "AU12vsMPRXnzE15gjTLPyz4EzpznokQizqBmTsZWBVag3L1Ay7WrX": 57,
 "AU1EgGJAJNnhkdWUG3u2eWNrZfGbBMEzqSHJp41moDrtg8MiJyRC": 40,
 "AU1Xb7XvkfA6QowaoN9WpfVmvkwVJgntQPT8m1sCyeF7PNoD3BLW": 56,
 "AU1edeozADyUka9ju9AsKuS7Dr2kfYcjXvVesoynAHGUjUXNMm4e": 38,
 "AU1ZE7Wrs9pBwnGKu6SqS86vSXz8cannrKNfTUUqKVpvDQwvT3Pe": 66,
 "AU1274Mv3TLaNN9PNAAHg1XM6dSyEgAQfj6rT1WovRnk4pVsU5PsQ": 78,
 "AU1XpPmzmS25mGYHe9ByPRyjq3ykDB1cdMCEzxKogV9ZZWPJYnzE": 47,
 "AU1YBjy54mNYDKLBMaCHK4hJfyJavJrkrhCs8phNPwsuvmZtnuLq": 49,
 "AU1FJoZrF9QSjm2Bd8zZswMZD7QJRCYzmHrpV77xVxEC9pPjARAy": 14,
 "AU1tfFzZNvdp5XzHBFty867CkvwZPiJop52YHtzrGWWsnTGEoqYY": 36,
 "AU122SESVLSDuV2abHFegztv4hA9xNAJdjdk4bEn1SRzVwKJWnC6Y": 29,
 "AU12kaUkjjaG1ZcctyYMPRErBR5WwhMMufHHQ5TTr6CFnSxRWPF5K": 69,
 "AU1eXLJm8Vg5tsB8uhdmMGMp2oc2uTxeRVNaJ85ibGmjaiBwqXSM": 52,
 "AU1X5cJ655VDeBJ1U84Femf71vJJS83Q1eBrmTCuEr5xGkSJEnLA": 35,
 "AU1HZp9MqC7CCQMDumgMMzaKu4eGxo5u2dPgrdzW8MY97Gh3d7VN": 46,
 "AU1g2dKsisFUc78GksRjLZn2zSQeZtGYtN1GA5NvJSDk7CQGFyhA": 58,
 "AU1u5nxaVix8MY8TdRgLLW7z9XfBtQPL7jELcg4HknZpUG6tWpts": 38,
 "AU12K2JdW4UXL9hrGh2ZSsyvoi4CQG5WmCN1tePqmQqK7ffgcvey1": 36,
 "AU1hycbyZ4N8FtMYoW7V4qoErQgqZ4NZad4dQHn8C5GASas8BEFX": 72,
 "AU1i42GxTtFmU92jqn4qrcE2vSzXt6mzBwJkaCYiEj89UxPzG9PZ": 65,
 "AU16VyBL36uh9fPysZsU34a4uS8uWTVScUjMGJX4BSNjst9jYzaX": 14,
 "AU11KbX7VV8XCBk9DjiqB7HS229eSJs4LVrt6LHzCCTXXbeSKncF": 16,
 "AU1vzwLL1Bg2W6GBMUZWip1jhrcQkPeFs83C51a3rLr686HzfmcN": 20,
 "AU1NN6WvopRgwGbonxLno296xra84C71kM3xFqiffAjTQQiJh6qg": 24,
 "AU12QW6tHu6adsfHDtmv9amih4ETBgwVFY5cDjPvv2w6YEGqz6WjT": 57,
 "AU1cBe1Q9kwnWRZNg6FUKoyTtR4ci7a4FpuxhLoQGsGE1MXK2FhT": 38,
 "AU1w9xhbS1rWUELsJVsbWpWsLDvrAXTgpjzWXoXpp7Qu4HjjQtet": 39,
 "AU12XGrryRaVwZvQFMGYepnR9zPxyZPc2ofCTvd9vQpZvr45RH1jk": 42,
 "AU1hrG3hPUnHU3JxmmLhXDryLK4TDqJEvfrUFsAfRuJC7ugBJ4x2": 27,
 "AU14wZwXoJdpFWpkRkLtWf9C6foaLaZL39o6hh6tDstvmzquxZBq": 46,
 "AU12dNjraLFuMaanxddPRsCJF8dcAS8MEZ5uiMGpBpQC9ScSWV6Ly": 36,
 "AU1k2kXXLFgz3Y7ZBPhA4HPjCqaCUuUKpudFUCmJVjTahqxohJHs": 19,
 "AU123HxKqt3TQfCBz1uSSYKaA4WpfQ6CGgthdjAjdvnH4Dv7uVUm1": 26,
 "AU1jd91ELamfcDA3NDaTBSBTQtJdoMV6Vnwy536V9a3voK8udNsT": 73,
 "AU12SiCzBQrDgci1SuteUSL89GR9y2Vr2asYKtjo4juuwt2v43ew7": 33,
 "AU12HwZpJJojBynNmBMogP3c2dtkTPPRNV9kg33NMP4VeCMTAfRP6": 65,
 "AU12PzTXAgtGX7bd2mLRj6T4FkHqDhaLEBGDyi4W7pSdDTJefw1gf": 36,
 "AU12q1CUZrCoCbCNHchFJUJRAGZT855rVQpr2ZprLgdG3W7fPDAZu": 35,
 "AU12a8xxF5Xd9sJm98UZwExph8VzDxvV6K2BMQP4kp7QM13XDwSrc": 13,
 "AU12HZ1r1qoVaeRZri9QsUGg6NefBUh2KhJFXEhcchst3uwBfcxPp": 18,
 "AU1QSa6JfNqqi1o6pbtK8NE7CcUXpQNCuWirGiU41dtbHGUjjApA": 47,
 "AU15uxM3JrpNyh655pphjRPZ5yy9H3KMVyvsJUWt61a4NqKgFp19": 58,
 "AU1ouP66v1VKaZjX4TDp9kHMbktEesNSLyEhpSbPSSHb9uTLMtXa": 82,
 "AU1QhRw4xpdMZa7sBNVwxvHkNbveQcGEfToGBs1pwpVd2vLCvj3B": 65,
 "AU12LNmP5socTMuDeZjoqfH1dX7go1EoQhLsXTnecWpJXQKnEGxoN": 54,
 "AU1Ne4soZwN3xjQvz2C5r5V1aTjoxn32oBsWQxS3ftRenqUSCwc6": 15,
 "AU1217oBWgBLzSN7nD7iWrNzcsYWMnjcrXUKo2YJrrZAtv1hmhTyF": 17,
 "AU1WrPiPxVKbVrf5WUsaujhdpFmvUViYQgbm2hBtqufVGe2iC6pm": 20,
 "AU12R27opc5QQiVb1xEfMZp2inVnpNNFWLvnphEpz5xdBzCJrimKR": 36,
 "AU1tYLfBjyrbAzU8Wyg13KhCHaZERATsB114ioLaei8ZAMnPxxQr": 65,
 "AU1Qh5EnEKR7inR4jDuv8pd9xGf8e815bTEfkuS3HxVVPNzHJtAb": 55,
 "AU1qF8dP6yPXudzrwX1A4w4P2oUgFaLhcAXt53vR8n3GKfyLDBFd": 16,
 "AU12pytxm9qW3VYetwmeBUbJ3U7FCDixNf9Dm2CjsJ7WsLT3rV4QG": 72,
 "AU12CWUnRPJQbFmBAbXfVSj9b1kfQNySHA2eCXkycdmnQHJv2rN5S": 63,
 "AU1hXEv2Rk3qm4uHEFaDLiMAX6LEuGe6LaqeBQMYLzY48YmJvSck": 24,
 "AU126HWx34TwBs8oBWPbdFXehY1NBUo3XgrMyD1Ljcxha3X21BpKv": 25,
 "AU1qkeRbLBWjh1z8eBPBkfdpnBizho54Segi6QkdxKHEPX1MUbSD": 27,
 "AU1v5j32NtG35p3D7dgfJy2wDNTMzqUXShSq67AgoMQyPYqzBw5o": 38,
 "AU1dA4oYa4sZQWgK2yMSiWKx2WdWYo8SdbgFUKVJARfbyzCU9LPY": 37,
 "AU1mqGEu65zLjUYsSC8dSvh5xz8DiibSfSCQiS2QhTxyYRrn19xR": 41,
 "AU126hCmpB687pSWJPizM77FcAy6RDcwcHmBmCD2hqbARUY2JzNVk": 53,
 "AU1iq3tBHF4GPH8nFN92BXmFZr5bGFoT13XUFxKx9kt5HTNMpW3r": 24,
 "AU12oX9bgHEQPdAhMHviJCWx6JKBf1xoP7zcx5jC7MGXDGda4Xxxq": 54,
 "AU1Bw8fFVnd7bvXF1SJDQ2NdH5XznTkigY7wp6TgwvQ9GSCkLeJf": 17,
 "AU1Ko6gDvmczQjuAE5GL3xcqcHW27iXzswXGVK6TvU69DtrZL58E": 26,
 "AU12mBsRFhS8Pui2bBVkUFFUS6mDqRwbtnxQtHSJBU8DzLpniqov2": 51,
 "AU1bD6fjTcRLvUbDYyeXuCq3x48ZdCWMa7WSYL3RcLdikGuTsxbh": 43,
 "AU1tUJDPu7n12pToYW5HtQYP7gsW2ZwYTLfDcTzbXcdY5GK8FGQQ": 40,
 "AU12kqGsyqtZYgP16YHCDUmAmJf5Xtbaer8b5u3FwXQfLqEpeVd1H": 15,
 "AU1ffWQchv6xVQ2jqkFhuF5skwzSTJHyWuDpPgBfhVQzwrMJ4EbT": 14,
 "AU1PZRTzqnRXSWMwW4bjQ2ZetevKwPTmwq4W14ZoU8pH6WHZFCiw": 30,
 "AU1dm4cHz78DGoyrrsnX2wfyJU9SZDG3CoUJR9TotRxCMV3rwuvd": 11,
 "AU1HXqUVJNKq5W7SstirKcoy2EshhhQKrzC6qKqWynYivcNgXucx": 35,
 "AU1KGwZ7gWPUWyy26ggtJbgv1TDESuCvsitM3j7Euf4csGVqaFdL": 44,
 "AU1ejoxmBD7mw3UnYKBBRib7j8daHMKoF6xi49jykNMdmDpf4iJR": 29,
 "AU1jGYcUEihfqDNKjNxBYpipd4Ujz5Bmx9eqKJKAhcc5phwTkE51": 25,
 "AU127iWGmBq2S1dgXrRCSQSi7w3Ga2Pwbpt6jwGdjeZFGcKDDdKZg": 13,
 "AU18i1He3dYKHPmBfPHK4QukcPGBdxYWfDhGQvRRcMPZjkSqQu8v": 26,
 "AU1sevxhwyhc2jattJBxNR5fYGhDLFA8H7NwS3XK3BaK1sW2fJD6": 49,
 "AU12YitSszPNKeou44784xR48ddecwqtmshdzodeuc5bCy4FMqHky": 37,
 "AU16PW3Pj3jQRN1NLt4NR7URBa8srX5jo4kV3hrW1hvDrjcAHrpw": 21,
 "AU124jtL6YJk5YCyTKAvswAuFyz9sgWixJJTctzxAZqcCnimvTE5": 52,
 "AU121faY8yS3VhW7fsTQ35bDx25eSgmfg4caejUh1EVKAg4f2aspp": 13,
 "AU12HvzXHuQncKqHxubfvnPdBrZm5TXgjUzNnZt3baGyyXtT8iTJR": 49,
 "AU1jrAhyzeYDLW7JNBivHWkRogR3z7opys3iyXMmgadNL4vHtaTA": 26,
 "AU12QmeHCJdFXu5rAFh9S7ydPJswa8wrRFitHyRBNJzPqQh7zL9Nt": 26,
 "AU12aWv7YaTpFZjmSF79t5VLCdstUj6FKKinAYFsEzswPhVEKYuFu": 22,
 "AU1B3c8RF8ntCBrszmr5R6eNX8CEU211mVsjBB9PxenV3uAeoYsT": 46,
 "AU1nvibtrcN5PPkj9bwZX3qD8WY4bjeud5rcJDXqzKNqfX5CJKc1": 46,
 "AU12gxW2cqG734eYdsoRPp2jNTCQ5E4m8nrb2Uuob6oLH19CynVLr": 18,
 "AU12DZoXEW2oUoA8smni7fiUWSotwojDLUbncPMdMMBjNjPiGqgr9": 31,
 "AU1oqqY9hu4ARHyv89iSton26XXXdQszLojUJZzhmDMo3MLvHUtn": 35,
 "AU1CAWzgqADT6WNQpgzn41VgbLjSQ2zr34WvByGprbb4FJZ1rnsT": 24,
 "AU1dyM3fNrD5PYV9xa2BGtRRHeKt3Hkcyp2a2AEN3Tehs1iU8rZx": 37,
 "AU129kRxoULxJka93DeHoUvdqTXVJ2GXZN9A662SpsdQPzg1BG9VF": 15,
 "AU12PA6xzA5N2Np3rGsognPFhRxLy1XzE9T8UaFnpq43VFBv4Dkek": 28,
 "AU1QGjMnHnjZvFVcKQXzN1aM78r7b6A6heVEfWUkDGphVCRzBNPq": 20,
 "AU1gqZVbpP74UoDKHv1mW8Wmkcgrpqy9DSMD53quAbmAEfAc63Km": 13,
 "AU1StSzHiGPzuYEH4e4WCuvAiy4aBmDr9aFMxVyUrUcQm5sRstm4": 20,
 "AU1Y1J6DnGV4mjBvhMSymaD1BzpEZsWmfJgf2maMWUFYkpCZy1u6": 13,
 "AU16JSTcXJvEwpEihhpeGneWbsCUC2XSeNmhn6N6BMxpzzQ5Mn9c": 57,
 "AU1ZMyjnp4bGAEhrbzEGniJw9pZEaCmda9tguxwjJn2AUjEheJBf": 15,
 "AU1u1KuMKv1tDzAgAkZ3iyGLA6vBL6Zb5FaUUMPWqf4HZFdEyAG6": 42,
 "AU1hphgKaJJL1zbV4PZPXwTTdUVVZiHFiY8VYoRJXFq8wfZH26q1": 28,
 "AU12Txt2xnC7DqBHBGzLaEJcvNNyCjBWqGa5nuzx2b6aqfa6fW3Qd": 14,
 "AU12UUU6LzMg5tabLNDAaXzPiTPWDGabS3PsqBmTyWjPfdjvY1Fpc": 18,
 "AU1ZyUyweNxJkUq8y9aCssbN2B4oYCkZM9kwy7cuqRRrBK2v1e83": 53,
 "AU12ATxEkCaNZZN9xeeUkcRdyUxCQFjkm9xhabCgtKTkuamsbSBmQ": 43,
 "AU12JgnorVKroLPgT1RdBYJa4Z4MGyVdrg6mcxok1vGGGN4onfwfN": 29,
 "AU1kbkHQVdRF3JZAF7YVdjEj2zTGfJVKRkRLZfxQQaxXzW9HTH58": 58,
 "AU13Qa5LuCGMufdDiPvaD3m1KYD8YnR6NmxUDKdw1jDvvRR6t3x4": 51,
 "AU1F1eHFNfxcTQ64zAmYDDikxTmtAGqmGXWkrEkc1MqawazpGUVX": 62,
 "AU1Uy9Sa4uavxNuktqwiFxU1fxTQLVS4wc5HbD8TUxjdyaba1cZP": 52,
 "AU1hCakJ1GDRCxrm1q4bqTwvytTQZrC3e2y5AfeBH5rAhheKBdMY": 56,
 "AU12weH98gHE5uz8XzHqVgk49qjnwQfq1tL13ig1JLMJeWFgEHSg6": 14,
 "AU12B3RWmA65szNtCo3EoLYJdxiaqBRNoj3QwXoKC4wF6zKek4Chy": 20,
 "AU1NNfMpS4fpfgwpaHWJD8H7AkJ3TpmvR2cAVbgbsbspGFFgBT3a": 83,
 "AU12J5eMuL5o6Nz5EjuoojVyJ4PyAyTH4jJqgXVkFeTYKFXe58yKM": 41,
 "AU1kTD3mLnHVT8c2tCR5sJAjFD5WegcdRJL8Wg4VAYDbwSE1ghLy": 51,
 "AU1zgseNniWDXDqcGaUGbzca5YFUz8hYGvTrGPA73iQULUr782Nu": 20,
 "AU12JtDuVTBXgqiF9ycMjvqbmWvSXakKhW75bMMoFtuNzWQtMvXZQ": 29,
 "AU1mv65oRY5CUxBLxeGhiY2X9ytJwJDev8LKFDWwG7DcN52o5doW": 13,
 "AU1SNLLriREWy3q1ZJUTVVjqBae45CAtiqfAUPZ7DUKVGsz7SDau": 21,
 "AU1xQjsTjjpWzALgBoRi8WwyADCDbnig6ApiVYx8UCHso9cBtQ97": 33,
 "AU12Luh9qKp37Kmr69Y5Jd5G36aQopHo8HHy8kr96f36nxWKVTouH": 22,
 "AU121iVJQkLqPMFQuoNsSNXtLiMpjr1oo1JGtYH484XR898g7vYKV": 71,
 "AU1tfaU446sk9R2Vw1ujWh2dhMS4YGMTQ6VZG2j5R2TpouAikkTS": 63,
 "AU12Ca4LnqtTFioyDJUeo3N3iFReY5yyqiSckSyas4gdDei2yH843": 55,
 "AU12kX7tup32JezRhZRWg5YvqnM2QzffqRhfjVfJRY16Ez6esGWa2": 62,
 "AU12GBJhPVZ6m2c8PVZ6zrFwrQvcbUVzU5Vy6QKQGeHHG1419oV4b": 38,
 "AU1CCvknwvVbuMLkgMfK4Dr6BQ4ayCU6DdeG3TakZyjRDEuW1TTW": 16,
 "AU12wTGSuUGjniJuMUTyAuKNNiEcUoAJTpCTGfmojqaZseKaCW1vU": 72,
 "AU1Jtjw5QnhvTyYuJ9P7enSc4yEeSeH5Q9Etp52qnWNv8siaRSRD": 46,
 "AU1FNNRyV8fyg9DymCyarJEBmPYfy16mHJDoodqfCK22M5wdkhAo": 45,
 "AU1N7qcg4Pamqukzbsb8YFMnmmaWsXktYhoartSxwign1rqZdyfa": 31,
 "AU121y4VVrS5K26KNYDs7ERQjmv2ifAKi8nLybnuunuKiQEg8piNc": 44,
 "AU1oKGVVeXe6RNRYXxo9qZpEEYVeTGRH97QqSyyxUUFdZ1ncz7C7": 66,
 "AU1nMY5L3zk5821N4MATvhErSe3bd4w8gVnc1WEDJ9wgdMNX12aU": 69,
 "AU125DVB91p7g3pV2mpBxYNHKsmtWDqJfkuuynrtnMqhxaJecWvoe": 15,
 "AU12fYdRknnsQvUofb23Bv6zS4bffqbaeEBMbAoVRJkBYoh6ifZ5E": 60,
 "AU12YEHBBmbnDTP84eeuaMvCJuV8SU9poMb97dBhp1PLhGsnJYNvn": 20,
 "AU1CuLqWPB6R6v4N4CNsFmXBmVDPXSw1uKwCbhWbLZP3ob8JAQQq": 59,
 "AU1m6u3hhfetvtU7oXCir59erCcyU6d5qqaqNorsz6Am6vegUS95": 20,
 "AU12gacWt7ZwNn4xKk42WVwtbaBDuemDfybYTM3TFQX2Bc68QqEb4": 53,
 "AU16JHQZ7A4FAVrWtFLBw8mRi3MacDxEYTcKRF7VbHK8EJmPkVmv": 50,
 "AU12QJgCbmgDhucquSJhhBe9iqHuEWbpnXZNWabq63WDWquxdE58c": 53,
 "AU12CNNrv7bCnR7Wr7oANQ5sfioPz71WaRu754bVbXac6cWN8xhca": 13,
 "AU12VePxwUFb5ha1Utrmv8L71RjESotzFenHiSTiaLrQ1b1gvmQQb": 24,
 "AU12LYtoycTNA9cKfCdn7Vq8ccJaNebosYbikAx2pHQQePvk21LZ4": 62,
 "AU12L2h5dLDw5aTad8ZDxtwFHzSxTbzVYsdMvS2y6mACAsqXmuoo2": 43,
 "AU129GQLcoe34WzD1QALcxbYwdUdR3pZfrbw3GQE3ZW7Y8onbXraa": 30,
 "AU12A1rFSyrusTd4jkKMKW6XY86BedncqLu7pntkAWQFeipsfoCf8": 17,
 "AU123LKxWEGbQx8ez83gThBcEMds1BzTudnLcXimQNaHvRqgKXeiw": 68,
 "AU1265jYQzWGk6b1aicfxd7VzuPCqQYtgaXgBv522EvTnWTApkuym": 67,
 "AU12W2cHjoinqhdtQkeVYjvoc7VkbhJxkkA76oe2fN3FCPgK74zQF": 23,
 "AU12ZsQKJVY4H8EccGwRpoLG94ZTDNac3Gp6cV7eghBX4cWoNudhz": 55,
 "AU12Utr9SC3jdZPuDDToC68wNN463EgkEg8Ydi6RykaGebMrs4Jut": 65,
 "AU1yjizy3j1CyMv3M3bEGx7BCdnso28FN8HCaZupvBxYWtUHM9Pw": 53,
 "AU12uNXwGr6HTnkSyitoZVFRiuB6QQB2ipoDDer9gaBtEUxPiygKz": 54,
 "AU1YPKg9ZGdS7xoNBWH1JbUhvXXPgVLGeZD5nxnfe53QEYZXeGuS": 54,
 "AU1Kr8BQFSPfW7jeh1Czxk8PzVSdfmrkknr41xcYzCnnToZ2gqZt": 14,
 "AU12D91zPQiBB1Dg3UbkZPRXsdEA4g5yNj1gQGFTEYbLNiuAmb1BS": 36,
 "AU1k2cmhrLFHdDjNmBQR1ZWUvqPDxunxjRfwQiuYHcFC6ondSJ2m": 42,
 "AU1bSHjm3RXRPsCgPaYtco3G3xBvgAqk5RZKET2M2ekdZHSsXojs": 66,
 "AU12LfffDL6kEVnUGXV8ompyJxfeGBjoWhPPG2PHPoqBmS8LinUyg": 45,
 "AU1YoAMgzfgYQsQD9k4NUrQtZcHsk72QV1kqoqvyTYf6BBDXSn8A": 15,
 "AU1rAEDTwf39KkdMuzxKuSycPq1oEUqGHqC1Y5zvquetJk6GFpnU": 21,
 "AU12PvPykb8woibXALbBVdtPT6HRyhpbeFbq2o1aDazqdjyY3HHo8": 43,
 "AU12pofa34ScmBS4z2MYAFsZeUBSY5AZ6PWfmF2ozR5Vipk8wUUbE": 14,
 "AU1a4C81ud8wyCK3pmtYSyLqeF4LtgBAHRCXiUh2HWCnMPnFv1t9": 57,
 "AU1MrLseerMNF8BVNxkHdGtkcUAKrtwULfkmm2AX3JMuTK2jAS8S": 31,
 "AU1YGVCs8ZsHGpN3JHXHfFCMGVwqC2YkMz8zAXT1gCkb8RFGaee3": 13,
 "AU12gq6NwgbB29NUQ3baefJbSyBZpp91VjXoi6ErMN6T9QyW6uSdu": 41,
 "AU1WSPhKsQJm5MRfNFzve9D89e2cUA8si1ba9mQAcVSdzjZD5Fz7": 13,
 "AU1y2LoFc17oggYxUZwM2dKrcvVa9nPx9doQjhGBpg4Zn3eDXCr7": 43,
 "AU1fE2i1eHEmwf5NawDfh8aAQEkMDWyqsobH6ppDXWZKz82o4iyn": 25,
 "AU14NaT4V8jNtjb18WpcfVB8WiRt8XSeZsJCRJ7sL127eDowYbLk": 54,
 "AU12YVYw4tLGFmdUFieWQ4ZuNoE1dmhz9hpDEApe4LmhXttQmu2m7": 36,
 "AU12hZfYQavH13mD1KWtuWwHwjJ3L4ktXeJ5z9MWu4D3rNUTfRh1c": 61,
 "AU127BNSzLqEszezjVoHaYAjCgKishQYXsaSbt2kyGUj8nxFDrMAw": 15,
 "AU1AtJahD2YTyAnw9WDSShC8S5hpkWg2snX9DHobLg8VLnpGpqVx": 44,
 "AU12JsuY7vQtM1JdXx26LV1s4oXPdr39mBuyJxffxvsoU8PxpDApN": 15,
 "AU123rhqsMLz9eoDKAXynwSWEqHTrzLk2r32apwaEqqqUfp4kdgzy": 19,
 "AU12SbK968B8q6Yy9SbfXmz1pLiDWKiVW6v5gB68ZfgckVs4qtNef": 50,
 "AU1uCeW9pqwpNWhLQXfXxcfGeBnMANXuNrNinyfxJFw5yM96ppKd": 24,
 "AU1a2mNGy3azDcetVy41NZ9C7ynkMH5U2kY9bAj7yBPEwVGZvq54": 37,
 "AU1QUS1XHYyguUAVo3De2Mfyy23X1Atuj4uauxibU8uuPNx377e7": 49,
 "AU12MFErDtdFZ6xUV8QcZp6LQuf7Jv8TkQRZyhnMhEMEhCvsfzvyk": 28,
 "AU12wZe1BCQtJC78xnBRJSu7yYmCaLW3ZxScKSR7ExYAffFfuQXGu": 14,
 "AU12CmtTQyttdrMW3nQRNVP9qAAeGyzLH8HinXSzX6vDbwsWmF2Ap": 14,
 "AU1ANeUepyBuwpLeXfV6Cd5SyodfbMWdKpve7QTrnAU1qqVSRUg7": 36,
 "AU12qc6bob2ygNoeCVSEs3vaieLFHenZwCu9RpzzGwqYMpJTm55zp": 28,
 "AU12aVVdS3nx6mbG6ESKqL6XewGfF8SQNu8eTqseqTyhu7wVEPUPB": 14,
 "AU1GSmC7o1iqSf8Una5JXt5fNk9gperZP1DZ6CRrsqd9PCNwt1ki": 43,
 "AU12D8q9sSLr2uB3sbT2vYDYwmjzZDabUcyTahC87WVhbCGQDxH2z": 15,
 "AU12W7k8hLYrcSTo3z1qq86rhQVBAs5ARJqRkogC1L1zfQAuyLeKN": 13,
 "AU12Lnyp1iXpUu4zGqAHiq9LjBiHhBwgU8rJQHUqAKDnuE98LXajP": 36,
 "AU1kqL5sKU25tPtpXvRQAf8GtAso1xy53vxNztwFEL2Ni43WnfvB": 14,
 "AU12dcMBLLb2UhdcnEAcYVS5eMH5YDjNssik1Q45GEfmMxiHEDb4N": 14,
 "AU18uVWrBMLjgVb8WjkzyssFXFN78Mszrii3ujyyjPZnJz5sFzR5": 14,
 "AU1ZnDUieAuaGgCoVWKhY8R8WoX3BJutnA6oFJSXDQ8JA8QbFQwA": 14,
 "AU123eoNvCzn6YLWWvUsAMrfs16ouDYQKMWh3dCwqiRiYQ389dCEN": 27,
 "AU12UbqYQhBL3GvLrQXsnPrGArgYKLp6PS1EG77BXfmk642UW8TNX": 24,
 "AU12eDQdRTQACFtSccvLHpzGWQeqTc4yg78jS58v5sdqYnR54H1o5": 22,
 "AU1Mkuv8fU79LdoogQpjzyDrVm6UqU63eqBLLx5sYAhT5T1eGSgW": 15,
 "AU1wQba6j8QNenpqhCXs2r1NZdiGkwqXiBVi2pxvKJdyfsgg8kyW": 25,
 "AU1sb6a47gdMFqUBpjbYSVD4D28H84fCScNuXkCjJk1ArbpgmvQg": 25,
 "AU1YkPYSvAvyYqfBDQyJjxAkoDgxwWDD9NAcLEpz2923AMYfuce5": 18,
 "AU12aP493N6gMKGKVkmEaaX5cRmWzWRqFFcsn5GqFoC9u1EwgNTa1": 26,
 "AU12kHCLYC6yw9a2ECdxqcpKZXqnbALpU2zETW3HKCvzPKSVA5HiY": 53,
 "AU12LmfV4q8Bkp4KNpVV3Vm1ZWSd7J9GW8Nk7CNVPQfwLdsomHREm": 25,
 "AU1cDGumHQ9u6yTc7K5sGcrG3WQ28pLHJstL2fdTL37e6UnKXZzg": 15,
 "AU12WwwYcbCBVQv7cB7Xoe7K9riPscZCAWm57WxcsgNhdG8S7AwkQ": 17,
 "AU12DXNR6qNQPcdvv16WVxykc82RFk3Y13GQLMpRp87W3HXNhx5EL": 14,
 "AU12VC6Q4P9p6tWQ4iQ8NnXzWb5ukLhX8WAukfUaiqTZCVAMDZhno": 15,
 "AU122uxEDo1ThVyKKQneLqxzqtNzgCm3hTtT8QprHFarXdxNHccN6": 35,
 "AU1dqiKnWrQ4PE5U5VDC2V2Ng8itSKasaDx72ERk7u7s23quf5Xn": 33,
 "AU1SVMYpu2AYMPBHzcGRcLZbYb38ecYSLLrmegqj32fF6MbYYwsu": 14,
 "AU1GddgY3Dqt8gqicHHWGdbrRxcQzWhqTTFXk53ySHvhH1Fhm8rT": 14,
 "AU12tqybuvjqy2c7cKPWxkHLHwHf7VDFzhSX6hduFyr9EQCTWrYRw": 37,
 "AU12kPp1QELzeoqjSNDb8gmanSXqg2s8roJoivv3mDuERDD1o24SL": 27,
 "AU12CmYbtjYtPBLrK19W54zZNC74T5E6TCgQrEZTAJCEuRS9Zfpsv": 39,
 "AU12sh5qjokDj3UCnCrKwLFnTHEavqVbhQdKdSL9LUnNYWsbvFtCQ": 57,
 "AU1v4jkGtPSHGKDyAJAw9DKWJuSYdKVpTRVq1uMnTMphyRa5jv7s": 49,
 "AU1rUTKDeykApfZe7JdphAKevaVE2XpiPUJks3xnuaQywrAzSJty": 24,
 "AU12aQUDYJ4Defg66LTQkimbKjK7uC64jNHyr3kZfWTLXm33NoWhy": 22,
 "AU1h7Qnc3uLpzz6Mmbg1yc2RNPdQPXZy4wzPsajhPoYiyRq7Hp4X": 15,
 "AU1ycK4kkRX7qUKahLpJUVwGpJXWayEV5wFuGEgLmKSm3ye5ZL2M": 15,
 "AU12WewYpSg83Wmx9QM6fCaFD427X1jNbnBRbjQRLjidrZNPgfP3y": 14,
 "AU1VcPGgQj742HHY3DLoERUYmh6MqWPQaMBkPwWg4qLZ3nJ9niba": 43,
 "AU128Ys4a63HN1xpqP7y3hvotHogN2cH78C5Ybch7b9d7rQ2xhqiF": 20,
 "AU12oCgXgDpKBaGXUTAUv8tRYkVV3cxkguLW4FXJbvkDd66VWMhEs": 14,
 "AU12gBbZzVZCbVET2G9Re3vQNqBjFeANWAzoCZszMqpK9xdMX2Ygk": 14,
 "AU1p1pc7FeFmiGr2ZyySTxhAvyPziXcbBwSFpEhcUjVVyaU9vbJv": 15,
 "AU12ozA1qZ9hC2CZMujpec54DRRWzDr4UBEfoSZdw89taRTGCQvx3": 15,
 "AU1akBMt8zvq1bh9eLTjBkxYm1S756eRea74aCrH19UHK63rvhBv": 15,
 "AU12QyrsxCyrmJN1AiMDnQsAVzL54rDCksGCe8kgLQ3ic4wwzaveR": 14,
 "AU1r9gKGUP4qtou3WJYGLFv7xMBqjS3RZc74uP1byA2RSHBZK94u": 15,
 "AU125B2SwkHGPdFHnhRssUM6ifyYLPVtE3XwqhDnHcT3syv4FnzaP": 15,
 "AU158scs9byPz4DS2HGMdZvkMeuR2zcZKuUPnfVWWi5VCdLyhJCJ": 14,
 "AU124RwZAekDK42WFRMkZgrUp2pkong11APfbGaRq2MCfaujbVz4E": 15,
 "AU12etGvekJdzezxY6eqGbugn6CkifrodiZvuh23QHtzsuSyy1wt2": 15,
 "AU12Yoch1fPcxa7b8z1BpV3Z1wuepE6MFXD8yCoG5QRZA1mgEtBtu": 15,
 "AU12cm3gSAjKSpXXEHWw2BmtkLCQ8GTarvVP4j29jT1WLJA1RpNWZ": 18,
 "AU1dJt94nqfTAEUYiz4vka6xSLXZeSQgD4XdXCnkducpRdSizjnF": 15,
 "AU1g3imZ58hukAoauio9kuHjcFcT9taiwNLjodsJxjNZPKpFo8qh": 15,
 "AU1bAHPWuKerfu2XbV9YfcunPjkQwDMhhAiFmaMfdQHDHkEDzR9i": 18,
 "AU12NYWafK8yYskSqfcGoo6W87VBL9uUPsrWqyCKWFSXfpKSUuyjS": 27,
 "AU12mvDFsEMUy2JRitbah9f4gBR3Xxr69p3HdakiNFibybKJM5Jkm": 15,
 "AU12EQFw7KzHffYChVrNhqdo6uj3HFrMqqnVsgwzYrpJf8EaZQmL1": 15,
 "AU12cRLHtHE3EdJcRT5Ppfp2ifVM5kmJGPhJPJLgSFovS7iqKDoCF": 14,
 "AU1sZYY3RfsADNo7CTiMMFAc5ndQxqNprPmg3byT4seTdTakbNQa": 15,
 "AU1P4zvBt3va7NGMkZym7EqWMjeFDAiqhxgBtGmPwrhhwWHErUAK": 14,
 "AU125YWMEWU5GDyfGkSLbS6E7XfB8kvwHmizJRhdgXjWvqfY64Nrw": 15,
 "AU12C6uhGJNhixydiDuiX3atTZ9NBhpiJP1VS1zSiVi4dyAUQh64n": 14,
 "AU12vWX7UDjcxmdVJmVBWckFV3PMhFw21G2XEzmdJt9oTCwHzmjzP": 14,
 "AU12LM7YChfP6frtX43mav8YfPjVpzud6wmvoKEsjtHiATuGmDLhG": 14,
 "AU124boDzGVXCwxAqhf19SKdJkvuVAz8hsGmbr4w6Lpt6NWCtSWGh": 15,
 "AU12a565EZokVJ1bJs3VonhqRaNJLxBzLdm6HhvLjrzdWjfb4vuF3": 21,
 "AU1r5t95k6enyfRYtyiFZHWW43EEHNZNgJEikaMQafWycQC9QDni": 18,
 "AU1mfBMeG9DRwE15eVuT4ZH4BNsQAr1h8ZN2xfPPq2BCaaZFBUGG": 18,
 "AU1mgqxzFsfMBCbC7XrqqbDLSQtNUXLtbhMdX9Q2Z763UY5EvT2p": 17,
 "AU12UkXXVkqMdYxHhdQt9tqyAbx1WvZVbtBoXLwUD733z4ULcM28K": 17,
 "AU12oRn7AeMH96DW4Y1tWY3JqNgL7W8YfvbKou4gYoKjKv9yHKUVX": 15,
 "AU12k4qSuMH6DrJLpPbjHMV6971sNsSDVNbGNKtB6mb4ixbWh7RaM": 15,
 "AU12WS3GsHnGPXdhm8233Z6zNo2136CcxZdmrkedYFeVcbdqGaqsr": 14,
 "AU12HAon41hv7mkhteFw6ZGEfhXm3i5Y6AGn329e2sUZwRLtpNL1C": 17,
 "AU1ojqvCRC8fwkxvsE6s53xWyFu4mdMwjnJ6mtzQWFCLUxeKwKzX": 16,
 "AU1z3XMCMJHCWvJS5BLV1X4mhZ4ZM69FQ5k6gHmVKhFiQK8vsNMR": 23,
 "AU19TkKePnXEhB1Q1cpXRAetfEJcYbGfvbdQzSSJQJMkb8PALFrW": 41,
 "AU1mHcfhDQtPYzDVrkDK4DPxYMD7dQmHViYoF6eGffA2f15ijKUU": 62,
 "AU1251Uha5nc8m7rHzrpTqNDY8Cbc1bx1TyJh8PXnuHiPv7WRbYxr": 33,
 "AU12BLCAsZ6uHv2t1mkrHsVHkz1XAWAHbzZFjPuYzNj9D4oKfJAvr": 22,
 "AU12778M93poLa9ngXZxpfEumuZfsKww6XvdtcD99GUndB6iLS4Tn": 20,
 "AU127Z7KeeDFhMFp8QhJRjuVUAaVmoc9w3ou4agu4L8AmDg736edF": 32,
 "AU1zLC4TFUiaKDg7quQyusMPQcHT4ykWVs3FsFpuhdNSmowUG2As": 51,
 "AU12RyvJTukaWUshUJaRpK1cSAtgm6q2hPrLvmGNsT4AYCRinAXGe": 23,
 "AU12q9TiYz29jtfJscr2tjqRZNTGzFjgVDRgnamdzr5A6sGN9QT2n": 63,
 "AU12PwFmAmLWTqx99rP9pWoEPgB1Noq3qQdVPGYkXNSWRjtxtCH3F": 16,
 "AU127BSLrPWnmE2XB9DExegew5V2BVmSJGSpBcBBwkhyCN5dqEBdH": 22,
 "AU12mtzeyBecbPAF96gyLa4eaa6rWffZ8mKo8fgaKj2iZzpsURm9N": 22,
 "AU1b1sTELwoUaNDuDvqxr6feoefmG9LFdmkb1pFSPg7jugftYfZf": 18,
 "AU12JBW6QyGHdKwURidZRfUh7SxeUZ3UF7XB6h4QpoSNYwwhL3jjj": 20,
 "AU12gF2VrLLDXgRaiTa95gqj6x3ofNdLjoRwToJ8Hd76L4G84zcJZ": 42,
 "AU18hkozXnFKELUB5JwdzRa2cUZQA5YhDnTiLXgnrxaE3vkFjccD": 18,
 "AU124S31mNJfHxDa6K3sjfWLvmURESs8kVVagwFMiQDrJpYzoyUQG": 18,
 "AU1wScTh1NcjSUCjRyHUkWBoMJfPDfUj16RA74qttzjSGEbFfyeW": 17,
 "AU1YzyMQSsQ7aUJuS8T6ijN9VPLeFgZP26yV1cJjP5NJSAkwefZZ": 17,
 "AU12Crr16PzGGaMiztGCVK2HoMvv3LiLrYtM3efL7y65Di8xCU6WD": 43,
 "AU12m4ikUwA7LajggSHEkQYwMreKYnczGNLVhAq8MTXu7wj8RvmwB": 69,
 "AU1z1TVg7aqwdSQMhQzRRFsd5btF55WufC8Z1SzY5yGDhd4cXrZ8": 18,
 "AU12rGvAnuActQJT5ZUVNXMPE8FsFTMDyzyDUUCUfp9XVD5MknTJm": 17,
 "AU12Lb7GafJueFnoCc4GRSXreCHWtYynLkzSS5iWTCsMVi6zue4rA": 84,
 "AU12rXUqNYGr6EzprRukiUqECmUCBqqCBdqnFUx73DHZEHWyWs5h3": 30,
 "AU129HgVrcAm7DSJvskENmnRxFGyEsQSoj46FHMqSYnTyWqw8h8fd": 42,
 "AU12VLTk1gfrX3UT3dxD2Bgg6HWk2U5y3cEouhnGeHYqSaAupKAco": 53,
 "AU18tXvm7vwW95H1F8AxANHhAgGFBVyxKtjgm9ZstT245wDaKXqd": 19,
 "AU1hUE6V9jZEouqJAQzMiHE2r7MRDXQapQ7M7Bi6BnRhqEwKSo4x": 20,
 "AU12npwLCXntkcaqVoSLxcJpVa6uuob3zMcDgnTLToMG1vNih2Pb2": 18,
 "AU1GCoi9cay4kT4YGGyGto4woLP6MzhkNvjQ65UYCZ6LTRLsf56e": 35,
 "AU1M3Wg82Cwo62SwB37AvPjik6fev8RWm1Tba8CjhdyQRA185Uet": 28,
 "AU12kXmuUzFWP6E7HkVYzzy6p9CekKCgshsQz4Gx4GTXDWJScuQax": 35,
 "AU1Da3K85jNvsKVS1DrYKnXLpFWX4K47nVa8kVTaiADpxZqAZwro": 21,
 "AU12CnhZS3qigkZk8WtB5anQDywX8wGhQqdm2RyEgYpoxWDreGyUb": 40,
 "AU1djuKxW8VCNLGCQNe88whcYxoXWwgiTX3KtwFecjrCGy8Z1rRB": 45,
 "AU1anVyEa4Ntoy5a6qdZgLKjxgMMy1ghkptpEinaB9o7yW2yUWkA": 23,
 "AU1DQiGdDU6xL3uuf1hLRZK2KVdPMPRvYjzibGSda8RDMYHPoS12": 20,
 "AU12Hx6Ykb7LtuPKS6LD3Um2hMcMLYcQwDB9gQywgyiNbctv4fYje": 21,
 "AU12BVwffnTB6EPnkpeBVJmLeYd28ZFuaT5AaLdyD7UFrXGB4xL3A": 24,
 "AU1QiAc6tWsBqRMDkcmVdboLZzfwy8i29x8KGwu9UBvQmvmoy4Pr": 14,
 "AU12GaZgtcWAzgAszLXW7fW3Sqzh9xrBuwJc9nvTinQqXM6SjBasF": 58,
 "AU12dqBuzJKfefNMDyncVUfEjaxV4XSzyucY3SDDRNjbvA8XDnNAH": 56,
 "AU1KqXsort5ZPCoVphZmBP16ARZPssQuC7nURy23aSrrcZ3ZDo6W": 59,
 "AU1yMBZkVgxXYTXbFsdxxy9aptLhkXsYJc2GAL32rew74ex7v3UG": 16,
 "AU1btEDfvVUTKcAdXAVjG48im7v51FUeg2P1jhwXTci3hvauchhg": 55,
 "AU12mtmYX82wyRhgeoQPZmQ9kxR9b894qQuaP5X69UvcAdnDuWxnX": 31,
 "AU1iTkisNLDRy6sYnTdB4gQFA8om7joZfU29Ak6eKpXf1d2c9KUa": 68,
 "AU1Mz9NUqQKGmuPLErEb63xfqQ67ZdF5xKWb7nkcPmsqqxQiBvSR": 26,
 "AU1APPqHi1YjCtZCTjWvzTVWLy5jqjc9g2BqCy3NvNw7kA7gTMZD": 56,
 "AU1jw2xcR56xmadB4TLybDJvJY2fUrFNrRuuveZ6GScZXVPX2Y43": 15,
 "AU12kg1cBcYVQFKyJ2HwHa4Wz9d8Z98BvaqynzmpRsE1xiqyHcAhd": 83,
 "AU12hqHP3EYv6EZ1Zrs6UX585dQUSo7uzvXK2bLK6ix46Ld3cs1D3": 21,
 "AU12CeXRAM6fwSyzLGksSx7HdDnFQVGwyAZk8QPVQ7tBENhm3Hs9x": 36,
 "AU1kQUSWwbAbreyRMsQuqHfzmECgzxgys15xqaMamCn96H597SHo": 33,
 "AU12w2ZoWebLgqtdcyhNZrsaRtDTFiYM5157kDvNgPCd6MQ9x6629": 38,
 "AU1foke7ie5kCPCirzBSaAR2gP41eT58yMKMcJcueVVNxdaSxZ3M": 37,
 "AU1pd2RmrGSf1iVHBgboKEZXGHNXRSvMnvkxLf1wEkSCZwPzSy8D": 50,
 "AU124FWNLNjqj2aNgKxQeSiPrS69AHbjHcdwcoUAKKz7VPUsR15Rk": 63,
 "AU12Vy2buRjXsoqFwWnCe1eMPuafzfDusCrTavYsUnzcEC8ayaZDU": 53,
 "AU12j45KeakZe1YszTNyzCHhwuVD4QGmGPzxt7fEdSWktWAnRfFCg": 56,
 "AU12qbJxTKre1zQATtgNyhFY7pxb1m7EAyDEHfFzHXEo1p6AXKoR2": 44,
 "AU12DEJ8XwDLKrAURnUgmmS9cpr96ZK3vigiE4U6vn81yrTxfYYYF": 50,
 "AU1pZmw514aLBUBxMwHxtu4SJXgfqtYC1QFK5bDKwds923ZWSZzz": 60,
 "AU1wNyX5buT7t7LVs7MaSL38yjYUWHPZRhBPnskfEjKk2sZ3t8Fz": 70,
 "AU1xPjuto72hUr3gP67RAH6rLbxzRdr8qf163GaeoUBhAtqSUo7R": 67,
 "AU1b9FB17MU4VeN1FGVjw643Fiji8HSHpVZR2Fg4GXrPgYkwFcyG": 55,
 "AU1X2PxaQu8t8D9fYmwKCfx3LSTpzCJc7EbtZMPQmNQHeE7KBo6E": 50,
 "AU12TGkYSv4ompus3yv3hRo5WiJJyoTQRLPmYWm5csRzDuFs9qVF1": 31,
 "AU1FaiEKBB9j7HoSWNFBe1wEa5T5PQDKMr5B8ACAnih2cSdD1XQc": 15,
 "AU12nY671o2L8xdgYXggbWYi3C7rpRtHhHDL8tcvEzSkdZnWGw9eH": 14,
 "AU12DLmAmDi5Vdhm8RGcD76gP5ymXBy4L6uCNBPKYjX9pTDSHcibP": 74,
 "AU1RGuSDdiSMGk1w7tM99wnXeAy69QxDhZdfuidDJRp5cGr4UGX1": 15,
 "AU1Fp7uBP2TXxDty2HdTE3ZE3XQ4cNXnG3xuo8TkQLJtyxC7FKhx": 26,
 "AU12hv816Qwt5tWZPYWhwENdUMz1hRSEsAPJGoitg6oSJDiojxREK": 63,
 "AU1CECp1aoeQMR5PEP6CcNDh6kZ9u26UCkCXyJdw1utir7E4ePjp": 51,
 "AU12C1WWuGAg1q6HBkkhR7AokcA72s5wodziXSs2kgWykA53K7p1B": 37,
 "AU1FB9vAs9w6gJuUUAukjspaoscN9fCz6n9wyBJkLkcWF1pFCyFL": 29,
 "AU12bJ2UDNQUS6JdJNoCxDc9CwHSw6dr42nu23GTH2gBYRxdFggYZ": 32,
 "AU1ynaxnosuDUWm11uEafaJ9yyueVvNF89csMFsdbRj3XckmMXtv": 38,
 "AU12X4bYh3NToj7bh4P1ATbENeGj7ihmxHZFrhUJsy9k5o6Gc1AaR": 47,
 "AU1JWXb4Ds6QyCVRDxiTj2qG1GkX2at9zZZgUwNtijZTvTar1iuM": 29,
 "AU1GE2GMrvGDqLbBm3aF8AQLVtPGVWaQmipfCeDgT2GioLE3EHPg": 17,
 "AU12C3czkKXC1ZNy2o1E2S5Q3mVx5B3LUGA9VcChhbpmh21MnwV9e": 66,
 "AU14vJszKrdmXpu4hHirfPU1PkVwH8dreQPTLkKoVAGCJctUT7An": 42,
 "AU1tjb3d4Hu4sW5DK6rj8v9LcwYiqQq8fk36mUDM8VWB9cwj754w": 68,
 "AU12a7EqJr5c3iRFbt2pu9zQrSHUGT9aTosjCqamPAtqPiwgpnTXr": 38,
 "AU1JonHXrr41Qm1oGE9Taf4DFscBrUHTgF8jGNAg3zWo1hKEiQf7": 66,
 "AU1ZSmYp6mUMzQghGCSwGYp5PYLS23di5JQwJ28s6TEKRb9PdM3B": 64,
 "AU12AcSz6scG2Pt7SsMTaQAw4uyXqNWkdLLFXfBd5ho6Q8Mvtpfet": 65,
 "AU1aAcnmhwTemMeLaY1ukNwyiKwn6oU4vD5AAvgK8vNqRVB1Je4y": 75,
 "AU1T4fmtCnCLKePBBNB9FHiGhhEUQB5F2NNJ39Tc6HrDEmSgMwka": 65,
 "AU1DjRH7otQSYMutBqtjtbxfZEKhFqUStKsTGtk8tBRr9KCaDPod": 65,
 "AU1CppVYhtz5Dg2owZNCotrjJGm8PD62Pzoz3xkgnmNFC5sE3QHx": 65,
 "AU121wBdUHRmJstnh9xkRNaq9RW3LVc3QEYCaWuHBoYmRdTsqgymv": 61,
 "AU12go7kmr1VGfHLm5MCXnDGKij1ebLyRWb1afnchhcWJDRnwWKyw": 65,
 "AU12FSa1DM62RvYwP7RjhVBGo5ojwwyXBeRwkvZCXZJ2ELmpab5WN": 61,
 "AU1qf4KMtPgRz3ch3Rh4AeEqn74RMq5KUxcA2Dwiu31pwhRzBRau": 64,
 "AU1LzjW6yooDhRAxxYRXvhjSErZpEZL42YGNx5MRDwCzjM6ufPRq": 61,
 "AU12wFWkifuQkn9MQnasoM2ZHuoPbBah6gfG2AWGnfKR4qaofhcwZ": 59,
 "AU1NJ9vVFdhoNCBsuwK5CmdRVAHGLgAzYddWB4BGDYJrxqo38pVq": 62,
 "AU1pApVVt2FRKgd4e3fA7vtBkBvSjDq8vib5QrvuKmiCdRsQTqmS": 63,
 "AU12inebNZLHxF5KLD1cQ1F1D2LYUo7VJHxVWabf3zfo74H6W5tKR": 61,
 "AU12agPeePeTkc8mFq5CPgpuoJzMMhkpFxZYD42wP3se19CpAcnio": 57,
 "AU1EdNCWk5NHNj2cVabSKzMnsaDpTWDxvHWKFoZd2HnhZ7RBGSpH": 60,
 "AU12XcdD7wdhU2GQrk7GpuWHkNTGufLCaHb74P6pgyQUuyfLkNA8a": 60,
 "AU12Z1o2yTP5Gd6VphLi6ojB8FbUQf2HF2fAtQ1CinDqkS2er2Lhj": 59,
 "AU12aMa1YXbfkLdZeJybobZ8xWcFM6v5RY5KyCqf7AQqdiyNSQDrQ": 61,
 "AU12NN9B8tQguP1ZYNvo5N8oEcKPBJ2C5gvw231bbQPchJs3VgXvf": 44,
 "AU17fuSjL2e2VL8Cjvm9do8SLUjMnCPcLbz6gtF3fu5u5BRVqiU6": 64,
 "AU1qVa8ArZ9HC6QiiEHJ55PhMUBiKQGeUA5GRJ9DnvmoFqXNw5sM": 24,
 "AU1cvQcFn5r8VKFizkbDpFRqnJ1Rf3H3nWJbaLWioFyTteSCD6To": 27,
 "AU1LhJ7ZUQHANXfuZaQDmuUv5YxbMRJEDLK25wRja7S7WSESLiJ9": 22,
 "AU12HVyXji8XpSrUwLMYxRGmBdMqcNFqbdir6sKLEBfHdVioqeWhE": 43,
 "AU125HB3Y2rDvZpwKEQ9YkHdPiZGFBzctt7dVtCr95KaovGki9xDU": 13,
 "AU1qLrbaC4vWNRLvTaRFY9SBRe7oDcrVqXrjiJmuMFy4eBknBgMV": 65,
 "AU12qERMUKscrCtXHKR5MrGyhUCpB41HwyZrkrvpJpmB9cew3hBr4": 54,
 "AU12doepdQkDMqHoWzhpuNu8HJUSH5REXPLSwN3oKj9U8kADCeYfr": 57,
 "AU12pttfzog75gnXpaYFmyXL2kCGm3qs91A5ZmX2YQPQi2MrsnPgr": 38,
 "AU12Z2woNMbwKYnc8dwLnRtmuQsxZw4KNCuQbQbjc1nKGCpTmbpmu": 19,
 "AU1hGmvHuE6BFPsU1u1tooxAAaWJDiA9s7FXbGxo41tAL7rCNaGf": 53,
 "AU1RN8H1fvhVeF64FsApdnBKJsEiNQCxoRpETKof248SUcSYnRpS": 19,
 "AU1cVtPLVB69QLze43nqM863LwktM45xTNDVLTDTV86YRjipgHi7": 19,
 "AU199mkrX5NwoZNzTGAods4XifRfd6BzCjxrb5fGzHgrU4sSiZVF": 53,
 "AU126W5uwEx2JhWNTAodh2YaSrhe1Jwf1yJUhARq3QNpDbtrLfFjs": 39,
 "AU12YWvjrp3784eEoiobbK9vsEJNuAbCe2B6Dyura4rNtfo3aXCXw": 42,
 "AU12hF5rhWXxmr2KnVuwkMbdQfY1m62Y9tEbru4d4R8KgYvZfAkV2": 46,
 "AU1UcUY1xbZVt13RFYXV6QJt5k6PwsQyk9xPaZNSEFEpCCFuRDAS": 26,
 "AU1aNgvZBd9uWNPoB7NTCsA3TB9rYpx1ehXH1GVcKiePaHwStpgA": 18,
 "AU1TmGk9KCcT7HPDwfbUWV6XK2DarSGHpMXdFap7AqCVXDoTiEda": 56,
 "AU1TAMtkEVs1KH77dWnVHbE9LDEeFwH3NfpWQjH3FfQihqCFFovL": 41,
 "AU1oJ2cDNgLvq2ig4tZJgWpQJhrr3hkiJMbqsLTvnyMFYxV5viZL": 41,
 "AU12m8EZYcTVFeFhKvBxdSad3aewKJCVGguerbyabH8rMSbbkC3w": 47,
 "AU12jqmq1H6dVmCdNHNDa2QKivcaHUGBZtvxG1vXntwJX9LeCLmLo": 53,
 "AU12M7JDxhZkWDZ8dzm6Ydra1rFMB7ZAnjTrG49VMneLWS8PfJkDj": 43,
 "AU12YChYzMNPUVCWzzzfeXdTcdziLCusvZBSMEpExynsVHves6zYe": 39,
 "AU1nknohhX3QusYzXo4Bbk61sCahT4QS1n18mY49QPkXWDpPJoHZ": 37,
 "AU12dRtyVJ4vPSAz15K4bm5GYucSLAXhk824AioxqcaNp8meDzEuP": 18,
 "AU1uQMZRYnMp5hz7pvhxCiTj8KFGtY8ti4ccRjFwFgWc7o7BK1eQ": 73,
 "AU12sG2LtaaNLjKCjrRRSvzGf53T7PPj57Z4mVrQzLKeV4JHCmi2M": 64,
 "AU1CSYYKV19iHE9f7RNEeBNF4Tj3KuS6pbkpaFPdNERfAqmm9BHm": 65,
 "AU127Gk4XHLoGAVWn8oupUgF3Hfkr9bLZYxp6BhGooEeTZna7tsfA": 55,
 "AU1AGXCLxpewVezX65qVpnHocUixsqzopRT62p4Rp1CaetrJmzDs": 60,
 "AU12H7pHWz49SSwU745PcDo2s2HZvmKKVQEWqVa3Ky81bPfBkjGWV": 54,
 "AU12NU5vgLGX7KS7huQhGTnXHvTgcKT8hfh2pk7VeC1CAEEfGLwFm": 15,
 "AU12ZZEASs6HKg3tSJcAznXdeXu8DhH2vaKkNTbCznLF6f1uddhsV": 23,
 "AU1WqXXM19amQENX5dmKqwEmfXXLkTFKoWLmVCHmRJuWWFkgqYNC": 65,
 "AU127RYDJM87Hapxi6wgYaggXgZiZMMco7j2xyuyHAz3TnvRd7RTN": 54,
 "AU129nccKqDBZVXCMJVWg6DnVrHuZmYrxsdZoradRm8QSwTvCf7i4": 56,
 "AU1UjrJHuW6nh4sLatKbGK2vYpo9vjxozAhqLLqrk4G5EmWyDpDy": 58,
 "AU13QMHdKeq3jFAqC6SnRWPrqcmFqDqBmBqLD4YLKvArm7FmPWrf": 37,
 "AU16S2WfSi4UsRhA3jEYP3esSaMSaadMfxpvyywdQHxtgyV3kaNH": 65,
 "AU12K63d7aNedExXiSyhJDNiBXwd5HL8aSL31PgVz5JtqbeT7kJeq": 19,
 "AU12jamBWZqNKx1ka6uZX4XEGcRVNnyHYpLt9fm9ksfNSqHPBv4SB": 31,
 "AU12RVWpwewesyWRrzpJpfMeAbxGzT6LsE13AktytvoZpe7d1JaFt": 20,
 "AU12oqRqZ5TQFVEFTYJzpwBxEtn6buCvFUTo4mi6L8GQ9fhCiBMN9": 69,
 "AU12ND2nEeMbHetWFribJheTZtM2HK7kvaRgMb7PtKEHcSRPBeVpz": 54,
 "AU1r3QydJGS2tW9tyJRy45GtkypbdmfFixzWgUvTf2msvh1dCFsY": 66,
 "AU1UE9THYPJdz6kFaNDgGNu2Jz15Gkt6S8cNkUgXQthTrai6V9jQ": 23,
 "AU1zR3dq6nWSEeinkH7YVJeqt2GVmD96ZPYCMoBDpAaNyBEWuHJ": 22,
 "AU14unfsEyJMvYrjCsaCBo52RhLyxk7thdRUkd9mr4HeftFo9Rte": 46,
 "AU1Z6kpMEgCPzg1uUJaSM7tSbX6MHgf1Qa4iLtaG6KDjC7XbHYTE": 55,
 "AU12bWmGbKhks3wNHADXBix54NAtikthXoe9NZBDfNqmraFwP7F3H": 63,
 "AU12mBfAmYp5Lb8Vy5mQ3JhrnKffgWg24TXTGQp73Ekb4743YLQ4x": 45,
 "AU12d283TdydyEy7hsjGPPSUtL8MztEaScsbKxhMX2Xuo1M9x3hnC": 39,
 "AU12duEbUdMMxCQtg2XGwpeZVmnnbzjWtQokfNKCMC1tzvD2quqzy": 62,
 "AU16ZeqRjuCm4j4eudFEDo2h8yDyVgc8gdXcAjhVPWVdCGSiYoJN": 53,
 "AU1jw2AiZGZnmdXVBaJmigqgwDktRPL6YkRbTvJeHDKVJNqCyV3E": 56,
 "AU1DCtGJ4EfwVr8gtcp4vFxRw7THHbNnysaR9HUPs8GYnNhGckPV": 34,
 "AU167n4jAQmzsgc7jsSWaRyrSAffYi6zUv4Dvf2rmZUZRaQ7BhTk": 52,
 "AU1EtNDmmmTV965AeFXe8d6HtJn7K9J2iNWibWNcEXnaRfw9NDqJ": 28,
 "AU12PQTPzpdLKw6arkv1TkUWNmtCfh6JSDP2ff57ZhbDAPWa6hvAD": 49,
 "AU126pcsvsj7jHX5a3GYgsbe5XQmk5SxwHzpR5vD7cwRFocSnnahD": 33,
 "AU1oQK88xQ8MCmsZDhCGM3taD8B7VyCxTYm2UjNyo7dPgNeX5j3s": 38,
 "AU12dHLhhMz9DKDyjLG47Mjqf8FwHzVgGTZ3XL44io55D1Yzdcezk": 42,
 "AU1fsYtTs6imbxodu8Rz61s9w75KoqCuuqyc6KXDhizGueAX8cGd": 33,
 "AU12uHcAjfKZWDazq5ycsb2uUZyiMHCFAUsFuMHCGpKFfTGbHFgjw": 36,
 "AU1b5rr62hg4img5fnNPEVKZhPyfE1VyRBYJd2WYQVkSP6L5rRyZ": 38,
 "AU12DkaD8b9Ew8He9n54yrUs35GpAKA4kfK3h4dvy6VZt7VNucinH": 40,
 "AU1nAjzYrkenA9DqzNMUyhcXrJ32CR5kJhyobeLVHYkLnbcmBXus": 62,
 "AU12UNzeCvT4etn9pCYJdrp4VQRAFm8H4kxhFTNTURFTNve3QyJ2n": 18,
 "AU1a3bKXArzQxGMQuGgQbadB8omg7zeG1wUqQQEfs1TNMH8pm8L5": 38,
 "AU1NA3MkRaSitvs1VSGddPruHFcbFxVoC8sxdkDbWsHBKYZziyEE": 38,
 "AU13myEXFD6HpSt11A3YDe69w5KDHJmwQptmFC6odn4chnfJPpPK": 45,
 "AU1h6dH1HdNr1kAM4neN39i7dyZdTgJsFzK5Kmax4A9RLBVy2i7j": 22,
 "AU122UgYC9EAYQXsG9mkLE1RZPm2DBQLxjZaxFT7NGyiBYMJgaSL2": 59,
 "AU1cPdTpfGtPBm5miidoP9PkfcTcuGhPTVhXsSd5cWUqJhX7dLHc": 13,
 "AU1XBNTEdncHpSnscuTUZKbdsGBJmf3XB51D1rcvHCPJBwqm9crA": 13,
 "AU1SKEfPxDbPdPeTC4UWvyFFKR448nML4TgvVPUnUwwSN5agFKpM": 36,
 "AU1Wscgn6jjNNM2hq6u29YLeVRmRbYPGy3GgDwZEpnpEBReatfFa": 53,
 "AU12ADmoYpra6YGr4ZdSscFAZAz6Sy7nV2o7DUkuMV6gtrajEvbod": 39,
 "AU1y3BE1WbZ8UjpRbbsLoL24X6Jg7w7Xg265gMG3Td9MknYU6LnB": 42,
 "AU12an3hT2rnsmRBwdFj5noXzuxERbKGbo5EAXqJXGjzi82jz9fiS": 42,
 "AU16XAytmHfjGdcRFSA2JWF51gX5s6NYHNbdEAYkH7fciEBsiMhy": 57,
 "AU12Ft31LbJUBi6C5rWeFz7RBVnMuQpfof11U9hyocMMPDzQLDDjP": 17,
 "AU12bH7Ybdu2oMnrabwfLTcWE2bXq9u2Lznx7B45TJud9PTsx2hPX": 56,
 "AU12df21ip1Jq2JqThng123TfzGByjuJrDWpnSz25RZqbBJ8stZeM": 52,
 "AU12YdMrj4x1cMUJ82szAxVoehvuwxD8e8cAkp4JUzkgkrDLw7q2F": 59,
 "AU12jvsXNtrEorYCMSEr3QWopC2Lvyukp69jLoEWkD2ojoLwmrCs7": 13,
 "AU1DndF6buFHM8d3o6KaWG9GUkc7opFrTMNjbEe8wS1vHVVSg49A": 21,
 "AU1BuNG4JHpZgLcPQuAqk2BmKzTgUjHbfBAcfwzPGFvJWeZja5CK": 79,
 "AU15eAdymyKJWqKK1NCCgbQhKDwbj7tRRZ7PvPubkQ27fd3uE5RA": 22,
 "AU12KizFHZmhHUMgf4XEvbMxAhhc2nbjHCoQuGEQm1HgBGfuqnVXr": 69,
 "AU12T4hPr22fTniaePghW4a87ZpHbHxMdgHNGiuiKFUhZQ7qnCxr9": 19,
 "AU1JZHjmbUVX8M74gFTuqi5y6sxkiNe8kX2k2RGXMcWT8RLT1a76": 20,
 "AU1u7wXL3TSzx3kveymmxNmuoEGd8HTnTKgpnBT4TXpdJL2f6R1g": 78,
 "AU12Tk67eVZyR3myKsesp9mnn9x6ymQ52NAR8kuRoAy3joUzAxPsf": 69,
 "AU1uTqN2vGJGM9M1CjXCLwDpgG4b1aQuZUPZWo9e9qnTPTguDEQs": 19,
 "AU1B2CNhMQqeWMNcQj7seQbsdfUTw1M5cUoUZ4e6i9KhPnMhP1wK": 80,
 "AU1RnveEGao41tZ9jAnMTpQmMxKEbPg3j3ScZKdrfTqTP4cci1fQ": 18,
 "AU12XCgw9EcdaiEA4iD9vM9UR3UndTMC4v3MmaofKmD7afazXT4CH": 64,
 "AU1E4nhp2UiSFTJ6MqJcRhd6M2iD8LzNdurbqwCqadW3EVbyejfy": 43,
 "AU1XDsNyxQ3x5rAvaz5rUkBwr9wayPnu4sTi14SpCcHXdHeDc1ix": 20,
 "AU121PeWMHTr7XGmzjaT8hQePi1vR4AS7R5dYhAbrfLaDqo82LmkF": 35,
 "AU1aj9ofGf6VrFmNQomZQNxDNNpikH127FVHY7b8E3q7sJGsHMEA": 78,
 "AU17pDfKjw84UN5AGvoTQBCeDEDNZJ6hoehhLp9HSVW4o8LZJz19": 21,
 "AU12uCEqVST45uHuAj1FNcVMBXr8GKZLnnSechbzoy6QW1uKVQtzp": 61,
 "AU12mQxd2cghkKjwsgBd8ogHdNjzbbe5BnC7wtVnu8Jgg8KeSrQtE": 13,
 "AU1W7w25SzuovM7meYfuMMUZnzFauofMZL5kbLVh6noDynX3FmqD": 40,
 "AU1CRzYax8qXcD6tjuRYf2KP7d1yHbMi6c4yPRC74bzwCUCDWtrM": 61,
 "AU12EWVXH9NJgybhUKrM7h7bLgUvsbzRsu57HomAiTD27C3mwFTX9": 51,
 "AU1257ruk8EFhh2pF6mugT9MTjPkD72NyFJ9MF7UANj2piePA3V5S": 43,
 "AU1ePuzZNC3pY7n8UHEFGmfkVpFkeRFsH6cMyWxSiMpqh2qW1diZ": 54,
 "AU1BXyHZCBPCsCkTDXEYtHumtgYCC9sKyxVhMqBrd3krbE33yQju": 44,
 "AU1jGGYCqNa59TpMp2K7KhRAsyMbayxGoZCu6yWRmrHA8RjJDfmX": 18,
 "AU126wSZ1BPPQ3ZuBX8HegigS6wX1SizoXtoQjNsh937reDjTnsYP": 55,
 "AU1z8C5pYnbt1vAoQBAtcpCGQd9y9Vv8n77u6ceJ2VXmNKxrPjun": 49,
 "AU121E4ipmpyJrsnUacjbSQB8H3vnebxnKnJ8d7gbH3wcVPdVZe2p": 49,
 "AU1SZjJUofCdD7qXufvsESWwFtCgtT49UkEVQU7NFPVHqDQ7jL47": 17,
 "AU12AxV1rzRHr8PpxbNzA16PTUPngcTctCA8GcZtP1F5munWAXCU2": 66,
 "AU1LQNMaEDJCSEm7mQvdQnd7T9RCXzY84wJaqaUtaaHqJzYrTEBK": 62,
 "AU1QzKs2kXfq8vz4T6fkipynwrQCjg9xUFqGTF9SHowyvcYb1sJQ": 31,
 "AU1WntcFovHuCMbxZBHcWAcWEtzNnkfvi2ackes3nSqfSYLggfgt": 44,
 "AU1s56E58ZnP3iMrUCK6S6USBC5TM1qe7oqoPyeMZ2VCoM75saXV": 61,
 "AU12biCTmmbGCvhbdHsAMxPfUrQGkuzbAmsVS9EQnwvUtcg9VCkZc": 50,
 "AU12KQcTSWuVbGQnimLQMrCSf8McnFwSmjGmBQK2vjLFN4QQ6AS4Y": 27,
 "AU12JkdNnYDKof4fsvy8PuAUSL4rBjgmdV65DuJ91rX5AiEMds85j": 71,
 "AU12Ede836Gt5Y22vXaHH7hq4Q1iHiec4vDTYaS629NJC2QdBQMAk": 51,
 "AU12pXprbSmoMbfgFG7UJmKQV5boAmQZj7cw1FUS8uPxpkethgkdr": 48,
 "AU12KrdsUsMTzteautDRd5p4MnYQ8u4Yyhkyu1XMTNrReEL5Pm472": 16,
 "AU1jHyWKNXSAc5AHhqQpiFPhS7D9WCLziirdZXdzdfPhSgwxA9WK": 38,
 "AU1SBtNCYF3KPCDCJgrtzL1BZbDbeWYyqSit3DDuhWfYCUc738Qp": 56,
 "AU12rjctJ3qqAVM9RgvnBiXwfuHfdp47owaPdgraqB6yggosywwRT": 53,
 "AU1Wug5ahm7XT7pqcxnFns69XMbustrxM2WTEasnVf9WZcXXdTGH": 46,
 "AU12A5ioXs1m3VNAGZT49kj34amMY6Pcjqqz5dcPe3mZZUEpHBDeg": 71,
 "AU1jQVym8QLuYqkKKNggYy82MkCA6XsGAr2bAwsg7nz2U9WBRTpX": 28,
 "AU1EPRdXEJoMRDKZzEaz6xzLEYYNwvhFTm5bWoBMBWYsXgzckULu": 65,
 "AU12dzzvgKkZkEZ6PtLe6smesR46roKTKpoWVq4Qr5p9yTfoHh7zj": 67,
 "AU19dCyYhyF7rP6wRwSFeg2kUfLKqJjrfchB3EdkaFpeVhy8XDpv": 55,
 "AU12ZKpSYTei79Pwkr2bKQ2x8FauohvFk7wG126BqFdmDem8Nbbd8": 59,
 "AU1gaVTquDfjkYgvn8PzmLxfRTd8vmcCSSwvFSe58PWpTrTUDQxN": 44,
 "AU12eqYWdo5QrH3pdAmCSrgWUL3dtCLroavMwmgnSa1WCVYECJHjw": 20,
 "AU1VvypZuDUuAjdxqvwQCcNAhwKfok86fN8eX4KgmcLUsyxaFTdA": 17,
 "AU12rSzVBkcCPAGZTr6FzvJDm9htJ29FZssMCqURMtkLDwD2JF3CL": 62,
 "AU1MH7EiWoTgPXfx6iWg9BYDxiyEoxoiiaE1QNHVmyprKtdpyMzR": 39,
 "AU127914zUKwL3gXbV31a8ZLDMTbXFZFCWXLWVwRL4Jk5X6QBNYLv": 19,
 "AU12ryZ7Hz4FKY821UJBZdjqYsbcgPbrK2vYAftFD2En88Xd2qsZK": 14,
 "AU12MEfnrZEP4CeKyU9gYn24mqG8qex5ySprwTQUWrM3cKZiT3NsB": 19,
 "AU12sYGtAfuWvTi28MbEJoVtYpdP6vQ6mEnHtqsWNBZb4tJZ3EeUV": 25,
 "AU128GZGQWVe1eSjRp1PsBcktu2vWfpPsJ14HaexgF2CVuo14uZ1f": 56,
 "AU1FXaQN5MW41hSLLX6SZKjTpMNf9rccSq1pUH2LEUjtdfpueVhT": 57,
 "AU15CTf244mkTmmKMuN9bBjmVzzfnztXx8B8YXgkzcrPZyPXuWEB": 33,
 "AU1ENFGTBecsv4E9teViKgjMg1Z6f91pWPnc2BbfTNLpwPcqoijZ": 27,
 "AU1KGiegMJZYRSVLNJxBWnRGT2hayJnyYUhh7VreWLMfYuGvnGjH": 27,
 "AU1RWmFY9ZZCj9ArmjdQA8VZz2UuR3zPqasWxyXCx7F1iweEtRQF": 64,
 "AU122GC2VGMmBpctjNM7dyj9eD5H3zeLNoatwBaqd2MwD5EHU5ReU": 56,
 "AU12A1EXuEtzFSrQngroSYBVirLzUAKSWG8wBuTgLMxYmjFWLmaGL": 27,
 "AU12gBqou2YVihdNx611yMJKcEbmEgXpNyZrPT14bCBhh5Av8vTX2": 19,
 "AU1fm2XPaasvAq9DebQKj5SXMNsAaLf2dG8ciAnjEjHiCvGFmQR2": 30,
 "AU1ui2m1GKtVXeRufnxsjrCJcLnuLXhkP3q6rVRv3JKv7vQuGtam": 55,
 "AU12jY4thZXtKR5CEc6CsKRQkRAxDiqygHEcFJLK3MHAbwMSX23Fr": 16,
 "AU1xvcYZjJgjF3i3NM6Mu67RvS4GrPqvfAvn1tYBZwww6PZ65fQg": 30,
 "AU12dd4b5HoSTz6S95wcNQZnufnx3LWpZ3gUDwAFJVhVRd9Kwr2M4": 19,
 "AU12sHRkEQEmTR3BM2whE4Y7PTxVwAvpcVsUfoLSQLzt8SNvuJ17p": 52,
 "AU128RKHvcYRtHR1qd7MNqy7AHHHrzCyL927PyuGQqCePt7CdZS7F": 42,
 "AU1235wVKNa1r6txB6NaLtPpQkQPGbT3FfMvRK2UZnVZxN6RjsW2X": 53,
 "AU1s5ioAPMHLRqTMJEVRLSwb59pSQU89coicRNow1Pzgh9fuBZay": 32,
 "AU125uigoCKnriLbRHY9c64j3hMU6vcBxPpoyCGqP25Z2pRukfwPJ": 15,
 "AU12VL8hDVcatLM3VoBqBW9dUc5mS7WBnWKL9GtCqj7ed14kD4rDP": 14,
 "AU1baXZhKwzD8jB1BxfQ55xGxvusSXMYYqjbUu2aoVTLftJwrJXX": 32,
 "AU1gAH8PfJUZbjFsduXKv3HCM8Q1ZQsNu36pAKLynHnEmocQYoZM": 37,
 "AU12iFfLXYGrnrAjiieXV5kNxzuhA6voarUDTPp7szyFPzEsm6CHo": 21,
 "AU1M2Wtrr1h9iJJdBu3waRwaEJRF5ZpH6iiMJsU1HVdFKLxontDd": 50,
 "AU1geyJhEQSNm7eUrP7gqHN29yTqg72ViCduHRXGTLg6hS1puaHH": 57,
 "AU1tKcyBfmkUGKdm9Z5CUTBASUZY3674U1DxjUyo51VJhJJYsXwz": 45,
 "AU12tSvMW92zmTNQNcqggW52XY8iyudgWAc31ev6MhvDF1gXibTKE": 49,
 "AU12bn1kaJjAFGYzjpgj77kqvucTNK8tvn6KmBR7NA1nzAqYz2w9k": 12,
 "AU1piR1hc9bkqdhxeoSQ1wKcC2SkgL5fw2nz2WeJkYVS2Kfguaib": 14,
 "AU16XvKoTzAxCmeR1Vd5nPQq4EbhuubZ1TgHu6mWNENaZh1H3Uaz": 43,
 "AU1T6rtpxekAAP747wvUR8HB8EmsPeWu26gh1mzqRWjfjhm8FHi1": 14,
 "AU13gWcFKCgHEcfnU69SF9fyxrydbKmP6Aa8nkZMFGsf6i4fkt4c": 42,
 "AU1nYG9cRiUWwKQ58YEmAseJz9rXz2XudTrBsDJgKZf64GpN8C8s": 66,
 "AU13MM8x4MNATHZuBEqKw3Sr2qgrG1KewSQZs6qHU4uDGrJmmivH": 29,
 "AU1Am8Wq285TemFZPXBYjbGJoaWDPeJfTdCuX16gzqYj1jTsttun": 24,
 "AU12uHHmvUQvVraY5wusuHaM7ggoqsQRaJY7ZfZx5wP1YaLsMkHN3": 57,
 "AU16Rsrn1ga5zxDod2dsn6c5u9k3V8PyjViHhFY8NurGQCtaVU6D": 49,
 "AU12GkGdafu7Fy5Xx9UUpJvc6M7RWd5XiXuj64MBepY9yYL3n27xt": 24,
 "AU114YEi6M3nFespArQGyRUW3FsPbLHhbpdrxvggTqH3Vt1uHBET": 37,
 "AU12bjSNyeYpjRMAbN7kJPAa6VVjYxHDYDQ1HeMrVqezJyJw3DP3D": 15,
 "AU12DfSF4DACNPdR4g8uZe8hqrBpd8NWnH9avYZSY1AT5MM14qBzw": 57,
 "AU12Q2DfrVUA8czbn9fYZbbtfcrpnHAPuwKhoCXsjbQXmYVji3c7Z": 60,
 "AU12LoDvfGiVdKjWpV9ohXMNbshYnqSzxKThy7MLehRrbTwzxcBKs": 39,
 "AU1226cGxr6Nc7rJLYnny2rGtCkR3jN49DYp5wUKUi6ShAoiT2njL": 43,
 "AU126y83B5rxLPjDPA1CMdxdWAD4puo8pPkX4V4NJEhWcDECCx7Hn": 49,
 "AU12jLZpRBFwGsqXQaWaWbAYwzvMwNx8pWq1TJG65T7RBjzxKZS5k": 65,
 "AU1QzGFxEkJAih6U4vHzxpGJReVNNd1yHU1WC2WVr8Zc7cbpWEFk": 13,
 "AU12PSPVJpemSCatFLSMUz4dive3SEgVuEzq7Q3Htjtqtg2SJcTeD": 44,
 "AU1udTAaVd1do6LeLtYqv8jBdXgHPfRZnLwK1n2rstwLnDuycsnr": 52,
 "AU122nNhKNiCgUQQZwrSBTmjHicDE9ZgFLLR5tsG6qyTfKxZFrzNm": 52,
 "AU1UD8zhmmXgJiUd6F69D39jEHNmg8Dqd8RS6HEBdEqq3SE8MgeV": 41,
 "AU13b5hyn8SEb2KqfZPv7xynGqAeXaGrwwp2zw95gsxKzHEZAK17": 50,
 "AU15cjoHvN3Huu4LXiUC9QFkcrUHnSfdATCEN23GMc2hC2SjSxuL": 44,
 "AU1Fcdn7eRPrVKvB9fR8VTnFkJQQJ7hgYWhofizyD2taU8fPrA31": 41,
 "AU12cXVY9HwPphUmux68xVR6MHZCffWLE4rEBFgcEUu3Bz6kpbo53": 14,
 "AU1gKyQggB6xj23KgTF2oZdTG3nomoSqBFGp54uSvHbNct7sBxUx": 23,
 "AU12van3ZcRZ2e4sJ5XE8gbXDd7BSxPe8BjkTNg32SvkiqT5qVoc1": 59,
 "AU1DWKftDHBFdqREWaiv6JGZVvGUMV7sdfWrcxPVnLjYyzz4aEvY": 51,
 "AU112PMUsYDVcCBBVBybuCewju6cxqvQ22U4Eb67wE6mJgqBXPNP": 69,
 "AU1WPamcuug47Ss2xRsBmYu39ChYtnn7FiA9pMViTzsgZG8ZsyCy": 19,
 "AU12bALXRGynsxJZ3trBG5ggSyXXNwtmYftDPHtiiYRUyfy48ZuQg": 60,
 "AU12diyNFKkaedu1oV7gwWbf19JWo6qT15k55UCCVV4GsePAsY3Ye": 55,
 "AU1tm6p36p7qiAmQvpXiGWP7oLd57otpTgZMtEqwZPN5J6G2dMcJ": 13,
 "AU1mbgPkWm4rotXbGThVrgoEPa6ZyEdE7vHtUrZcpdQPQT59k7au": 50,
 "AU12L1gB3MxG4TgRbDgAv9BGCQRS7DgccsqwMmpZ5oh7cNFoDyzLS": 22,
 "AU12a4jcNUZ4D74ZpDoY578VTGzXEoJ39SJEBRWSPGkcJzpCiRRuC": 24,
 "AU1SXqa6UwJgjdjrmPvWg66C7JFDyCq3bAHvNkiduYhQjFRHCPHi": 33,
 "AU12cvCiBnLZwNghgoiqijFQR2UuVZ3gpe8KrsmwSaMjQWAWHCCmg": 21,
 "AU1tr1fS6CtojnqcWPHpcmKXsey1G6SABSKyVQgZv45qXrVC4gi1": 51,
 "AU1PWPFPdYRg31JgF8QLfJbTffLpL4PGbvX5gjnQERHYY8iqvhpA": 15,
 "AU12DLHiYgKtY89cfLC6zKyhmNN2J6P9LLtAhEMpwnSQLyxZcCzD2": 38,
 "AU1nuh8b8CvvKggBJCqsuBjLyyeUgm4VMBSdEdhCeYFb24ADGG1R": 46,
 "AU1AWfST2KpivhZQFjVkuvDCPVVCAtX21FbnVpiL1NggtHeEY7TH": 60,
 "AU121oEz9xP9Y5n61rEgtMn4EHR1EV3juvpVPK27Jk6AYBUzLzAh8": 17,
 "AU12U7DK2MfsGZXtcMMG2GVNcB5A4VQiKGB5GCoAXjbqsKmsWmHKB": 54,
 "AU1QWjM1Hr4uoaYE7Ch2qeh9BVThqSkRCojWa5tJ8VnYD4QFFMBL": 26,
 "AU1dj1vErMCEmQSBxvAvU8uLfpfkasGCKm8A3PKXgBYczPMJx44": 13,
 "AU12nao7sbpLhSTLwo5tkygu46RYcsG15MNqXbHkKUZtgMFNLUjH2": 13,
 "AU12MrciD8uHf3n5BjJmozA3w5y65VzXBpia2vQpRk24nBWKxWScD": 72,
 "AU121xK6kvLm3YFCVbKNobjYYtCMdxyZE8Fo1Ls2HCM2hirC7E6AN": 61,
 "AU1NKHFmb5PoaQDS8ZJDCbLU1jJBh7K1Y5kC8jd2ZY3qy1pfmiKx": 13,
 "AU12jL8GrKvr3cEj7pYugckHYYUni8wkPKjDwBwzsDkA1SrWWcezQ": 13,
 "AU12ZdiRpxeLH5yncofu81c1PoWGXKbTgwdBzwj5JXfSbnzxKH9mm": 29,
 "AU1KhuXhfNosXduPtCAtrhkfDc5uByL33ktEHZRGqbKcXCetKmkH": 51,
 "AU1A17TgwdjDKtKqxggiBzYrFHJyKov63AjeBtmzzyC9ZFqoy9GS": 62,
 "AU121M3KL4GKKvuqbCKz7J3PDsv1WuniZxj4MFafqXz6WNCn3Hytn": 71,
 "AU12T7D53MSjQP8SCG3VYPf7uFmUBqa1HnEJXu97maBmpg8orFPEw": 61,
 "AU1ByTz1qzjjjVpQkjY2ziZkfsLEAzFSK1GCg4ZaVTPkrCgAvFty": 65,
 "AU1EV4QTUY9sCPFRERgNoWpWU6oQXhqZ6sHGAKBhFd5sLaBMeUKJ": 43,
 "AU1XGjKNeedhxC2hHZQUmuo73p5iwWTi4G8GFHUBaYdD6NSmTVMc": 43,
 "AU1ULadd8Ng2bKoViF7xjJTEzx1Qe4NkUkZqeNKwLQF7rYVnDYnX": 44,
 "AU19AV9LqdftosnUKpMbraVcFscnxVMGGAEAqLzhrQkKoqYKrcXe": 20,
 "AU12a7zkTfN6stRLtqhbAK5AFgpMgy6LdRcDocJqKnrsqK2B5MHoa": 34,
 "AU12r93zfHei6QhDgB3euf7Frqt1rgjksfm4zbsp8WGHLjA6BQmG5": 46,
 "AU1QXYCHvLuy9uwTbLwaMbAf8WJSVHa4M6CHy1k6T9jrL1XoaNQL": 12,
 "AU12DRXKGnspnZzC9K9Dm8CtjWtZF7pfjavad4ebQTLwfCpujZad1": 32,
 "AU1CHa6XE1WwNdoVg76LjnJaouZdTyxksoArbeArDHPdamagyoep": 51,
 "AU1Y2ACGT9Uiw2zyZDtEys4m2DGLTE9vfv4xCX3W9xWm2oaf7usg": 24,
 "AU1kTooDuK5rmoVTsmoZFA96MH8g8pBQ9V1M8eJXNM2JT1p25SiZ": 30,
 "AU1R21CCkXsbFYB7sjPdrDVWP6uRUqK4zFQSSAMAYA9hJ387VhkT": 15,
 "AU1p6Zo8NGdTvZWeg45aYBuqa8VzoRffHAiXPcNnjrAaGWyuV3v8": 28,
 "AU1EETwLPSYMs54z1pZsdJ2FH1vC63hQ71jNELbKgGXr2juEW73z": 19,
 "AU1fePnWULA4vDTbzJ2HuNtJpquMs72TZxTkEobMJoS86DZpeKME": 18,
 "AU1hi9U8W6RUTQYmGcYTitbUcJ9ModgtZS2yt3Q1zUJGLxzBTQTe": 18,
 "AU12oZTUzdSJVt3NsjbfV6tWJMERHVNT81g71tYhKVm3siqeeVbPY": 50,
 "AU1aNkSYkTsELHQBZz9MWeH2MCPq4F2Y4SEr8Gc7FWnpeWm9fsEj": 36,
 "AU12bbmvBzC74S1wi8PSb5qgfr9yB8d9QhXqyBnXZLaRGEbse4nx7": 78,
 "AU12BcNgaHh1EyNv7aV9MRWAVXGsxQRsxazHvnm1ZwUdPdZxDvi5E": 64,
 "AU1BTDaDhHquXWTuGqurkkZW4uHFAQpfVcqk5pqCBD1gfJL7vaGK": 65,
 "AU1icTo8PvV3VQ9J7qCu386xhT4hZ7H5P2PMKhNXJnBwt67Do1MR": 69,
 "AU12grBheggvjjeozWBeFqq28rYjJuerTqVH25XgAwwpLYGmazttL": 35,
 "AU166QUzEmeTzX7N5ujeCF8pa2DQVKs2khHPt7BJn29adFRXg5H5": 24,
 "AU12aLstcMPJkL3mdHd8XKhfFrYNCxRi7sQpVjVKoWn4zXawnsj7H": 23,
 "AU12gR9Q3wGhsAsq3o3TjTLqBqB3eUV5T9f6o8ZhYq8gmcPDA4Vfs": 24,
 "AU1PAs52tHTnHC5ssDDMUjdb9rdkzaPW2TLzgJdFARtiCJzMdX5r": 29,
 "AU12qvFFDpHidAG9kUm3wHf1Mn4RMV83E3jmmooZF5Ys6Hc2uqAbn": 17,
 "AU12YU2i4PUN9kfY2piD6cM6RXfCQtZN6awkAztHsfwakB8o2vxBm": 18,
 "AU12Vekfv4Y8dA879d1ikKYaUCqD6tmTXREbUe4d85sq9GamaNvWa": 17,
 "AU12JtAWkF58gkBRp6r1eH8mMKVS18T8myNGmX1jBJzJECRuWDNSS": 18,
 "AU12dTkhNtzGufEUZZrmGv1UiTGSWX6fbsfYG4BKknFBXiwbsu4Cv": 41,
 "AU1msWw9uAwSrTxWqfzgkmsEkZGs8HR6RaCwntNvhFevwbfxNPk3": 41,
 "AU12i7AbGvXGUThYEZK6wGBxEeb1HmcwHwjpywtchgJqoWZXzBk4F": 56,
 "AU12iruvhvjMs2RDtWhoKQn1WBBFFmYLDhcfNEFimTzyv44LJR2Cp": 27,
 "AU1jbGu157dDxZTbU69xW3cDcs6q8JUqCuUtMuM1ENAeu3ACRCGH": 58,
 "AU13XoD3AhNCJuZcZ7VvMksbWL15L3655jMrzcHSnLRquGasRsYX": 44,
 "AU12jrLFSn4FBxjEeQr2LaRZF7U16qozajjqq14x5vzLLmvMJV9WN": 44,
 "AU12b14CsKUrFzXAPeL6o2QLfNCLrydDugFfzvRqXyw75Xpy6gfm9": 37,
 "AU1V6x9c9yrfcZ9GJo2DiRR5ZWFdEbKyWumgBudZoNkEU4Ekwqqu": 24,
 "AU1qxmHBm92Vk5VBtX8SKNhpMBZ8wNsJ2aAx4ygthuagp6qkgpdg": 34,
 "AU12YHEqmTXSdteH3bPJYxuhoAGtQgydobtncq3xFtz9mm11cruNm": 39,
 "AU1jyrecwzT9gVA18hbd9S5rNDprVUc8Hyq6iyvk7XH6rs1DANna": 48,
 "AU123d7xyfpAjbN32VfN4Gs6q5AohSFEFVBW8E3MUnz3koqpuQdDb": 50,
 "AU12VZLNU1dyUVFKekCYdXZ9yxV8pG99FkvAi6XQhpD9zH5DPw8Z4": 36,
 "AU1gNWa1XgWdd1RaKboGKa1Zh287yMVYTXeFZRDpRdMASF591VWA": 36,
 "AU12on4SPN7281rAk2sW7JQ1QiPfpSxGVRHubVATJJttqhUvgNqmR": 42,
 "AU1N5nUhqkinfLdreRaoVeuFLhygyz6KoiAy6MjbDDmWwmr54Xmu": 31,
 "AU1fcy8ZFEvsGeaCH7SHiCcstr6KdRiqobHqG9zcEfSkL15GcMGT": 56,
 "AU12XGQTK9FZdyGyb4Mtibir8LVAC2SqF2NkB1AW1QWdaA8h72Zcf": 24,
 "AU12AezPSvZCTqVZFeJXhALAmSgPD8C1k6e9FyRMrejZS8TZnW4Mp": 22,
 "AU1mr9UNdp6THG6VF1amTbqvJRJWbFbPhxE2ZbwWC4Eu5CRSnQcN": 55,
 "AU1vNJk55bsLaZ5xnSbE7S7dYZBqrFHHkmckWP6Uu8WS1exSemij": 21,
 "AU12XjH6UQNBViHRtipXMojKyW2JUS5Sg29rY6A3FeToELUWoNfEQ": 14,
 "AU12ZmN1Z9seQWwtkHukJh74ks1Rc1bFVS2eQwyABC34wiQTJDFDc": 17,
 "AU1NXzJJuSkwD3TKajCbthWbmHGvftCKYjAbMpCEy6KrtExUCDdd": 27,
 "AU12FsmyQqhXXPTLoVAA8KEyv7D55E8Gez9kdZjoczrPQ6YVB8TWb": 17,
 "AU12UDLXsMDnWcxQKgzpEFWAxpDjVDmLTGuj6puNfmHoxAPXkBTi9": 58,
 "AU12GkYYWiWoqLXEjdh7YbLo1qUXr3hDyYDxUEdRh84wkdqA8bk3X": 22,
 "AU12Bd3cD8Acs8hZtSfNjRLTeU1K3NDPBCG6TbZV85WH76FoheVDS": 19,
 "AU1pV28p8Y3M6YcgA97ZEdsguxVwtkw2UxobEimoQj611tR7yH9U": 29,
 "AU125AxL4f8YFzwxYD3NkKSKqVbmxbGDsAKjVSc84X3MzbwUH58vK": 15,
 "AU12iVAUGBjr4FChe3GhM7epZYKjRduC9fwdbwKdBc7hR9FXFHDBp": 42,
 "AU12gsbePD9hKDFUrSWEBfoN25qJ6wc61ZonQUXXbVZwQEBTkuZQx": 28,
 "AU1W7oWsANhrcgrKh78fFN3AdJj8o6Xp493ZZ84tG1CF3ikn16LL": 39,
 "AU1shrQ9Pyq45281FQFL7mEW4gTVA5tPbZnKN5za9miDPXf8gTfb": 62,
 "AU12BLK3EoNpncK9mXKiK4k9MJc3F6RohqfUBGu6qD3gTwFcbFnWg": 78,
 "AU1bRyzdijKPg13esYrNb1t6AzipLJK3JoPphL347E8dheakvi98": 21,
 "AU1ych2dQdvc7t2iag993oBowT75nJaXUsL5o9Q8ricU326Mfko7": 14,
 "AU18e3XwywtZRJSFtyTAQrKg5g7pAvyVSrCJWyCsp6zqjsNWKBhy": 53,
 "AU18LRveAz6GntTHgq9bVxzr7SwpRBgB9S4TJY9EC8LNxPgtEBuQ": 43,
 "AU1wa14M7GzWef2CcgXqMttiP6GKb71pakJm6LfVMswfNHm7R5LQ": 13,
 "AU1YD8xARgCTEiWHfttMR4CBhJF1oHtTg61jPTMpAkWMJWPmc6p4": 16,
 "AU1kpXYQFVqqnoxNStkwHyHz51mXSo1Yh7dGFQUtwdpVwpo6Atv": 16,
 "AU14wDNrfo6d3fQjm3A1wUQ8BTbWThs2TC3tyMtTpuPatKhMCBVm": 17,
 "AU1225xn7FKUdZCahjQsXjqmkhDrGV78XNpeNa1nbxJPmKkTzEB9j": 15,
 "AU1KVRrsUH6kH2TUSo9JXW29s7oshDLmjdDCK9PcBTejYY87XGMj": 61,
 "AU12diPKEB24n3sid28SL7TxH5Hy3fXTjLecPpJVEKi5e8M6FhZq6": 43,
 "AU12ukVweX3KrKmsiistH13YJCqLdKdyVHk6Do7FKLStckAWsp8HT": 36,
 "AU1TjC2wCffiX6jkwe6M7niugm7QvDy4zHiR2LeZknLGezn2BGxE": 13,
 "AU121w5VEx7beu1VNNbUjdKR1XDByKCkXSsDRmjhBD1qyGT7qRXFP": 38,
 "AU12LDhpUAaoj2uuT4rRhpUfK5kHNXu1wQdiLCATVRwiSqYPeDrVr": 14,
 "AU1vR7MB5rqGF3NeLrrnxtUGXjsCTjwe2G31tfZNXyy9ME3d1E3g": 25,
 "AU124gaXN4HYRpq8eZrwLrgKnENtsQbXQxhynSwSFV6T7EaE7XwZs": 23,
 "AU1qSXynKtAJN2qx43NXdtkKQLz52GLtmG3YoH8YV5pHu6CtWf29": 17,
 "AU1ZJzVyXoWxmTs4qmXoFjwp1kxJ8JpjN2Rg8RUPJkStLsJwenVf": 16,
 "AU121zCZYPi1XuHkm4KV34CrvvqT8ASQH2sXco73cvioMfepFtVF3": 41,
 "AU19xRwih1ARL3uFfhYDr1yxkVFRonBqBSdcFjNpzsNQrUw3T6Zq": 47,
 "AU1cKaY7ADCAVy5AuUEFGx5fRUo6rqzS5XcbTZanZHxzS62Exzv8": 25,
 "AU12YUWaefBZZ93ZeGNCxT2p3wEhuQgfr8kunnhQUBjV8YJtWiD1b": 19,
 "AU1C1rEmPuJMV3VA9Hfzm1Ra7WSaGqE2SZMoSeZrXdx5Aw5AQYDg": 35,
 "AU1PSh9M16KfdW5aCqQ1ntCCtaLPCn1npgQymmdpehTWHEhiht6v": 24,
 "AU12q8pui7nnvHiUzVLY4QmhaiToMBdjZbNpjXuFhjRsnVTRKwifT": 19,
 "AU1PcYa5M3U6GZv3LV6oHToPHGUUHnd1dhW9quHp3Roru43A5xBT": 29,
 "AU1v7nAWdNMiExRmNYAZwEoZiR9QRyufhMBEvzcvGgkUrQK7HwFb": 39,
 "AU12SsfSF92eucv9i9UzVVTrdrQftMf139vAYXLErz7rbx7qcLduc": 56,
 "AU12oBXMpTnDjMVrXuwhAUtadpmQp4hYhGjrL7xFXcnbG95EELEtX": 45,
 "AU1zY9ihBT7uaVLfniKCBqoFy8Ueko8fQmiexxMvbUPZZxPpU4p8": 28,
 "AU12LmCVGPsu1tbX9Q3SKvoDDDobWguKCfYHLSvSj6tSSjH2VvETH": 20,
 "AU1smiM5Bc5y5Wn3XJqPNCzWDszbVxSz3arsqFK5XsfAAXktTwZR": 33,
 "AU1zcERSGGECzP1m8DqwBHSzYd961waZXgJFa8u9DGju4TsP5LAM": 39,
 "AU1EnaQjaw5gSHFkgxASJEjjGgfdnFxeoezAmNZXN4sVJyVsXm8e": 38,
 "AU12aBaHqzJPLvyoayTLADoj5x55AvxXxApWR2KPoM4deJvPTSAXf": 16,
 "AU12cXnbr5wJ6u7tN8L2kaBZDn8brQiswTHDzRrJ13CaX2MVK5GTK": 18,
 "AU1jj4jJ9DKZc1Gd8mCfsiCSi1dAnyru7dKnkRc3QFi1p4tGTSW1": 61,
 "AU12ASYgHSP88mJ1ppYGZMjtvrpXPLTRPR12aJQ52Ht2YsyfekzDY": 29,
 "AU1RfJztYjzykUzhAGB5xyo92ZgBG6hNbPgh8DKniprjxzrUmbVM": 47,
 "AU12AewQTCeKpU7H9NadhvT4K8yoL1WPK7KtCFXQsDRyBhRiAihhb": 35,
 "AU1ob2Rahy7Gqhs3s6Su1ZR7KkWxTiELGdgJBrk974z27KGM2E4j": 21,
 "AU12sKqDmwkcUiKsVztvDW8CcrYQKuyY8WW7ogKpWmpyRQfzVbNVb": 13,
 "AU12tPh4jDhGq5NZdAAhbD8SLPJPJcfBc4S2uWyWw5NRcFW9Jrn29": 40,
 "AU12gKDW9wtbU1qMmD4w4i8TYAeDN8xizd3hKA1evXvkYAauMF6LN": 72,
 "AU1ywuL22uY8Z3dQFcDb2MTM9JzmF7Zs2izCu9ijUDVxa1BSttPv": 13,
 "AU125sEKDLLqmx17Cyn7u4oXDMWjDup9WTCz77fb8hbKNStQGaQWH": 40,
 "AU12ixcZQPnhauPaBsi3htmes3Puu1B2KFPDfwP1rQdZFHuLD9wFd": 50,
 "AU1c5pprJ2e9kJGU1X2f4gu8PwWRP1h2u8h9u2o18zF71FKjwPSo": 16,
 "AU12qSfof6oybog1m8UPHCLYLhe7YbB4yYTGNPMfWM11b8422LTkh": 37,
 "AU12a3gaqgy6NH8SSqJ1ri3DfNPheQi64j47SnMsNyfUZV8XwSmUR": 23,
 "AU1waxyg5oBpztAVNyLHFPTiJ5bnHrAy3QS7QmBCojz1KUggVUqZ": 67,
 "AU12LykhEwZ7gFVGmwXAh4C8jUHUf3e5kTJXDrZiRdA7z9bhVEwCx": 23,
 "AU1uunWcnZxxwhjnHXcfMY1Z4ddjfRWX65DhBkCpRBmvaUQDDE6i": 27,
 "AU1qhQPbacMqxKo1Nnz224M3upB7NU6Udj8j5GhNCsdRMEiCJeSb": 29,
 "AU1ZpNju2XL1uCp5dLwXy4rD84YzCwHREtJGcZvnhT7ptd6sMQg1": 23,
 "AU1kNfn8FLat8NnKozMBEs6W1hYEtQwj1XHZKszynYULMFCrXHF3": 47,
 "AU127WZWRzatxs2dpbr4sci9qbYYYowdpB1wCaCnDUuUEmyVApfTb": 39,
 "AU124V8TESpaq8i6FeCYyHym8Mf6kwYaUDKYpyrN7msdPp5gBgaQk": 14,
 "AU12k5PxxrvnMibMk8t11KdLGeeMAxCsoDvrWp29GefPVewmegLQC": 23,
 "AU125kEkbxnW6MNavLKqfShbQyzfzNoCFFCmzK3okoLJ6iK2eWSKq": 36,
 "AU1yWQX25tREm6TCMqMoKMfyHfA8ZGgWGgqx5i2LLXUDTJYLxUUw": 29,
 "AU128JrqfMMBKoWbr7vveW2yjJ68wUkTX3mijgPKjZ6vw2BTVy2MD": 21,
 "AU12ma6opUJsbYpJ48CYNT2Ejj6kSXZkij1wiR6iawjf8AMzZke9A": 39,
 "AU1RRLDu1Fy7MQNLTcSZ2NDJKBTivzqWP8UF9bvbLLxmRFG3n25G": 18,
 "AU12777DB68D1sMiiZXaYEtsGKkQyrxnzQyVcLRdsDtSjPtiMnDx2": 37,
 "AU12aKCGegpe6qzGyxrUPyiDa7We1hpPVKd5ncbhjzRMnz44JHpVY": 49,
 "AU1qXfYMZCPu8drcLcUiYRG4Jj15hNTdBAhyJJsPtCexjWPeNkZX": 21,
 "AU12gAqnjkrkhyRxxTV5ApkDGXD5CJzgHK7QNyBrX39nvLpTB5Enm": 36,
 "AU1BH9WPcQVZfwT3chY5vtzNY79VPPeB8Ctxyjm3w3esd9RbdEBR": 15,
 "AU1wWijMeyM4vDPhNMcmah9ont7ZuhfgUzpXLfcgUuxnE8K2oAK": 15,
 "AU1NLhtTuxSv2YqAjVhVyf7i9tg51k9aLUs9ZE9pMhhinqaN95E5": 15,
 "AU12RyQ7rmfs8xKqBSSaU3guboPQZS7vG6LXwi9vm5ibkKB5K5NFr": 14,
 "AU1PJ65tznKyGYwFoR1Pd6ug8cdkztMQdimEvrebKFhLZcmtBJYS": 15,
 "AU12BTHqcZRVWBaSPb1FVqTSY4qscHKhAJoyCEfYtpYFm5Jneoa96": 16,
 "AU12XpTa5YFrM7BDMHKWWwueY6pynURo4h2aSW49c53MqYPcxfVRZ": 16,
 "AU1cT8MKuXiET8MrZRiAw5KMrFCGkRxJSvkfFtzdvAkvbZXHv9Fz": 15,
 "AU12u9KtJYDRxtc2ePVppHmUu5eYTeozdwv7v8ZCc9Tny8uMs7s4H": 15,
 "AU12QAHy5J8GtGGKLtNCBXhaRQykJ28SrfunbmcRUDwPptpXaMoV1": 14,
 "AU121EQBBaedT2SeiyUf5EcSk2apoDtmjr5reqCZiDbqKji4MEEAd": 15,
 "AU1sqUgK7y6DoeoD1kPvghk7q6pvXi9dBixWGFeXL39XrmqSy7nW": 15,
 "AU1XxfnXKe43KjA6Wb28hv7d4pQ7smLoX5irzHSiRkHdWL9arSm": 15,
 "AU1epHAQGvdLjr8uBb45vTqsDeAGwuano4NuF78ienszHS4SBhXm": 14,
 "AU1ASi1rV3GRXHSNMhYunUx2zh18ATuutGfdNVDdH6kufyboZ3g3": 14,
 "AU1FjpZDt8U6qEWmBwReix7f3UvD5RqYfVjuVMjFZ13WRAAK7oL1": 15,
 "AU1ZRVP6Gn3sN37ofQcMKRXERvbCH9LXa1wJJYJP2HBCDzjHNDT8": 15,
 "AU11SHsnuVnK1ReJxQuhh5YLGsa5cdpBw4ZZJsddiqVFYXBUqpr9": 15,
 "AU18Ka932TGnWWghS9trjngwR3P9XdWoDhG7uchDAGgAvvVTxttp": 15,
 "AU12BpU76cPbWhPJBLgiNqRNDMACh9XbTCndu2TdiEsbxKMZ5AWwc": 15,
 "AU1gwcsbvQvJbgCzWDfMJx99yUYbeYE1cXHMk781tbopKDY82N6f": 15,
 "AU12DeikQv9Wyb88yfJtnfaxepWFmNanUUWvo2MrCJqgkSVno3kFx": 15,
 "AU1sNpDn97Ea9gU3VmJKCEWg6uGTs2FZ9qwvTx4WV9pKgH4YLjB3": 14,
 "AU12jFVA5SJbVcXFB7ygzwkSKyrkuSKfqZYhi6iZot8JUguLP4QBL": 15,
 "AU12csUfrD5P46kfdNEnCmGVY8iJ1DeJN8MWkjudhFGYCfRS5irji": 15,
 "AU1EpMiNUo6bTK2yZnMnDa5NLDwCNgFzN1Jx6s6Wr86yhVvNK3Hw": 14,
 "AU12P3HgWt71n8sxJKXcNMBpzYobfxi53uoELXTBDvwu9tyW9q6kJ": 17,
 "AU1ArLZijGtZfiwJWC8eBriyRNnPRpGqprfqvksv2McvVfuyrsPA": 45,
 "AU1bL8XEE4vYnw3rRucv3RhahGsp5j3bTuA8mrdHwsA56rHRnuyh": 15,
 "AU12dJMZJG27mcKrXttVpY8KyPTkvV6DzDKTaYHKPWiYiugZVVBeV": 60,
 "AU12obfp2zzGpT4rjDMJ2knpnbemqDaAMLRj5LK8qHn9S6omajh4s": 62,
 "AU1GFfYmfpJDo4NGYJiL1wVT6N6xwecjbAdBQvNrMLvzgHK1cgdm": 53,
 "AU1ZcNC7RYuabupMEKbntHaJUxqPQ8ZhrM2LnqDqygNatorcjwMh": 15,
 "AU1diJZJP37RHNCxTnSuCptTkGtcp9z1NA2n3LfPTM52JMtfr2mQ": 15,
 "AU12qsg1sdEbQasceiEixfVrGSs35QawcpsbjRsAtiLfME4LCcufn": 14,
 "AU1CeGG4NBM7GjxxFHin1riAnRdosLmivGetSRVKxTPpU2Atpwgh": 15,
 "AU1FMNq1dwQb7QfnrqE393NPpsCLqx1H51BVC3rNiJd3vS8seqa9": 15,
 "AU1AkNyT5dLUEYMTJE3dCveZ1qrfCJkPujeWZHghAjkQmkVannh4": 15,
 "AU1VSFH8th6MwfafwLbZoWxEAywi5M9GM687aD3BAa9XsmRVKeRi": 15,
 "AU12oHgKmAieAfNhMu6PGJSCXFKpbC7xR5Jv5gNPmy5TxDmELYQwf": 15,
 "AU17h5sGShhaKy9PdyxshZsxeBUTiryrfbkMsequ2L5j86QAHPo9": 14,
 "AU175pGPqgGhX58Q65UqZmr6yAroYnQN2rZLuXBQWfDUXLtb9fDa": 15,
 "AU12rkzdcEBimtHtZtxKG7f5NFaY2tSGma4yGPLzDSQkExf3cJ6zy": 15,
 "AU1WgmHaWLXt9yNLndsg8UMVBsDdnrsTvNjhL6Dz9ctBmZpSGx2A": 14,
 "AU12SvgoKEoce8iyF8RkGBx6tsQnTgLRicv79sa7eGTkn3j8eBggL": 15,
 "AU12sogLnjLfiTMNWXQ88QtCEboXn9E3yKMiQhDAWa7eXnwSFdcEh": 15,
 "AU12j8q14Zpk1VbVD1PsHXhkSipZwaX7agEnUXMZniDyBzpYJ3YYC": 15,
 "AU12jrHefar9KvWYDbzZTsyPWhYNsGnPTW8a4kD4YLwDqru5SY8MQ": 14,
 "AU12vkvXgizL2eDF2nRhCGbhVTnefQDVCg5XL19F4H35X7Jzm4e1W": 19,
 "AU1Mf8uB6BDBizrX7e6ySMjS3FYtRkGSrTqUz8AFG78c1RttyjFh": 61,
 "AU12RwZ8BJT8dVqcwjMFthjirg4JedLWZJP4zm3rp1f3cYQiefFKN": 43,
 "AU1SmCok1ZnhrUcev2T1j8cB6jpfkQUdDS6PVTsN2e1AKkkdDvfr": 13,
 "AU12CzfFQYp8vDtCd8BE2eJaHnBL1oEJXgLnZ1aJaFs1MGgTJvKfv": 13,
 "AU12qKKLYfPWJJn69PRcycJ9xdt296FtR2TGQvvJ9NGntvo9hbeQZ": 20,
 "AU12n7RX3D9PemWxwf1XbkPVzBeBgi9AXtcRGSQSxhNVchN3UNbyE": 57,
 "AU12Fkn2WmMpWH3vYfUAR93XGfuGPNcFQ65q7JEwBj5TiuGH36QiK": 13,
 "AU12R4YFrmYeh8JzeMRrdj9E9mnx4z6aHTnAV8vWCeseXwkuqo16y": 14,
 "AU1F8unWNeWCsn69tXUjSDLma7oX2Wyzjbfq7KoUiqok48UFyCw1": 17,
 "AU1WG7oVv6kk3RZataxiDdtWyeJU8XZDKigDYSAmvd15M9zRbDVJ": 40,
 "AU1Dq38ZPhBwFHjW29Hpkp7whVXb25RwVhYbFJvPyeht8r2A6pLj": 26,
 "AU12PP4DhnFwfvvYmt9D3xRbXPwcJDqw638K7dpAt1CJWYA3CrfCQ": 31,
 "AU1PgjgjN93MTDgdfoDfVmb23b2bq5GYQ7Y5AV7aY9mHj14fYJCZ": 19,
 "AU1LEwwj2JdpdiyHKEQZQsFz9RDfQk1gUAyPiCX8JuRMm2uUvWbT": 14,
 "AU12vnvMV6UrohDTFHDwtsyHEozw9JDZgEvkhVxbHVaKmiDGo3BfB": 18,
 "AU12pbvCL7B2hg2poqZkWdRuz5XeqtMqQyoyK4aziHgMxdq4H5Sxx": 14,
 "AU12M7bEjsDapFkLYBh8DbP1tbQhWdWU2v6FyGoMtd3Fk9ExHm1Gr": 39,
 "AU1D57FnpCv2WBgG1pUXPjiGpYxmVgAaRfhhVjQZHVa1sSGJ2HyH": 22,
 "AU121xvcwJ3iWq7j8G92pDKuxK9JBgFM3b6iuRAV1kffjUSz35obp": 28,
 "AU1MB32pkjjWPSXQpTL7KQbkop6mKkaERDjcQjr7Tm4NR1TRivsy": 46,
 "AU12utXZsabKDJm763ci6fenz7CSBLX5ahkPKn2ZbBNsteascUHhp": 10,
 "AU124za68QGWWZNyXu9CZepPrTGXaEcMmeJsQGgF8qGWPBdvy66pt": 11,
 "AU1TB5JtxprJ5s8RXm4WtwCvv6hAhagdaQJUJMaMJSvcqyk7yzEm": 10,
 "AU1iSj3T5LLdGZjQybJLL6kdJ32jSF73GC3h6MYxSLR8MNPgB1Qf": 14
}